stfips,year,nfd,post,asmrs,pcinc,cases,copop,posttrend,pretrend
1,1964,1971,0,35.63988,12406.179,.01231224,1715156,0,7
1,1965,1971,0,41.54375,13070.207,.01041941,1725186,0,6
1,1966,1971,0,34.25233,13526.663,.0099001,1735219,0,5
1,1967,1971,0,34.46502,13918.19,.00997469,1745250,0,4
1,1968,1971,0,40.44011,14684.809,.01240066,1755283,0,3
1,1969,1971,0,42.49012,15638.876,.01500676,1765316,0,2
1,1970,1971,0,44.23907,16222.948,.01970314,1787363,0,1
1,1971,1971,1,49.91467,16875.43,.02273745,1809412,1,0
1,1972,1971,1,47.20313,17976.755,.02355598,1831191,2,0
1,1973,1971,1,41.03307,18808.247,.02503153,1853536,3,0
1,1974,1971,1,46.20281,18726.044,.02433602,1879094,4,0
1,1975,1971,1,39.24017,19007.47,.02687814,1907830,5,0
1,1976,1971,1,48.39191,19851.2,.02732268,1938304,6,0
1,1977,1971,1,40.51945,20306.107,.02856307,1962569,7,0
1,1978,1971,1,33.85831,21214.732,.02935267,1990864,8,0
1,1979,1971,1,36.34628,21322.1,.03027992,2009957,9,0
1,1980,1971,1,32.30294,20977.435,.03117796,2025456,10,0
1,1981,1971,1,42.33469,21173.2,.02937146,2036194,11,0
1,1982,1971,1,37.64971,21060.715,.02684053,2041319,12,0
1,1983,1971,1,41.42575,21586.775,.02688576,2045203,13,0
1,1984,1971,1,44.17102,22701.939,.02656172,2054834,14,0
1,1985,1971,1,39.96854,23520.067,.02500205,2066907,15,0
1,1986,1971,1,43.81795,24343.56,.02376206,2076879,16,0
1,1987,1971,1,42.04374,24777.58,.02234983,2089300,17,0
1,1988,1971,1,44.65412,25658.859,.0215865,2093975,18,0
1,1989,1971,1,41.66689,26735.596,.02139487,2097952,19,0
1,1990,1971,1,40.95203,26925.459,.0216023,2109548,20,0
1,1991,1971,1,39.23883,27108.993,.0226831,2134265,21,0
1,1992,1971,1,37.87407,28096.813,.02361911,2160659,22,0
1,1993,1971,1,43.12397,28268.879,.02352316,2190193,23,0
1,1994,1971,1,46.0425,28996.312,.02240343,2212954,24,0
1,1995,1971,1,33.59852,29685.675,.0201278,2230497,25,0
1,1996,1971,1,40.41017,29922.273,.01837939,2247223,26,0
4,1964,1973,0,73.52872,15551.316,.01288265,744813,0,9
4,1965,1973,0,82.4312,15962.689,.01222511,769209.3,0,8
4,1966,1973,0,59.25536,16581.27,.01218049,793605,0,7
4,1967,1973,0,81.49342,17214.603,.0123268,818000.7,0,6
4,1968,1973,0,72.93674,18610.393,.01217757,842395.7,0,5
4,1969,1973,0,81.31187,20097.643,.01270004,866795,0,4
4,1970,1973,0,61.68011,21109.887,.01534212,914150,0,3
4,1971,1973,0,103.9061,21886.983,.01792892,961505,0,2
4,1972,1973,0,101.9225,22979.025,.01842799,1017302,0,1
4,1973,1973,1,72.25343,23596.892,.01854194,1075584,1,0
4,1974,1973,1,87.00237,23114.632,.01814803,1125678,2,0
4,1975,1973,1,80.89824,22327.281,.01783496,1157502,3,0
4,1976,1973,1,100.6557,22907.772,.01612179,1189441,4,0
4,1977,1973,1,102.808,23409.962,.01510826,1230624,5,0
4,1978,1973,1,87.90334,24924.888,.01357014,1277136,6,0
4,1979,1973,1,80.58761,25564.116,.01287999,1339131,7,0
4,1980,1973,1,70.88127,25534.172,.01383289,1388978,8,0
4,1981,1973,1,71.15961,25957.762,.01599015,1426446,9,0
4,1982,1973,1,81.30744,25202.945,.01511552,1466644,10,0
4,1983,1973,1,74.31818,25846.284,.01648837,1505470,11,0
4,1984,1973,1,59.356,27230.122,.0167665,1554986,12,0
4,1985,1973,1,68.18728,28145.965,.01572871,1613848,13,0
4,1986,1973,1,81.54845,29174.694,.01605734,1675874,14,0
4,1987,1973,1,79.78552,29366.235,.01710736,1740411,15,0
4,1988,1973,1,64.34055,29673.941,.01850533,1789543,16,0
4,1989,1973,1,60.6802,29836.904,.02037409,1832585,17,0
4,1990,1973,1,56.36128,29284.205,.0244409,1863454,18,0
4,1991,1973,1,55.50723,28869.36,.02900239,1915555,19,0
4,1992,1973,1,53.64199,29052.345,.03308394,1978503,20,0
4,1993,1973,1,59.45742,29398.383,.03460537,2052350,21,0
4,1994,1973,1,57.4583,30254.223,.03358971,2140400,22,0
4,1995,1973,1,67.1983,30785.255,.0304529,2231840,23,0
4,1996,1973,1,50.80847,31404.035,.02680834,2306882,24,0
5,1964,,0,50.6405,11637.654,.00747722,937959.7,0,0
5,1965,,0,52.20787,12103.927,.00778666,945655.3,0,0
5,1966,,0,38.31504,13020.648,.00802966,953341,0,0
5,1967,,0,37.81254,13419.825,.00917426,961022.2,0,0
5,1968,,0,33.50609,13967.913,.00980687,968708.7,0,0
5,1969,,0,35.09294,14831.209,.01051411,976466,0,0
5,1970,,0,46.17476,15410.218,.01364924,995782,0,0
5,1971,,0,48.64352,16086.528,.01839742,1015138,0,0
5,1972,,0,56.25036,17225.678,.02091302,1038165,0,0
5,1973,,0,46.95891,18803.629,.02334036,1059138,0,0
5,1974,,0,48.40681,18717.645,.0260698,1080970,0,0
5,1975,,0,34.73759,18538.198,.03012936,1111145,0,0
5,1976,,0,54.56055,19256.765,.03004889,1117490,0,0
5,1977,,0,43.74012,19781.9,.02695811,1138192,0,0
5,1978,,0,41.51071,21150.151,.02567436,1156582,0,0
5,1979,,0,42.917,20897.603,.0251676,1171950,0,0
5,1980,,0,50.51703,20118.074,.02497898,1183008,0,0
5,1981,,0,34.02664,20756.519,.0243578,1185948,0,0
5,1982,,0,25.05139,20580.92,.01899222,1187131,0,0
5,1983,,0,36.12226,20885.621,.01886333,1193325,0,0
5,1984,,0,42.4336,22192.728,.01861117,1200726,0,0
5,1985,,0,48.35736,22793.838,.01818092,1204624,0,0
5,1986,,0,47.84881,23478.073,.01884749,1207650,0,0
5,1987,,0,41.24729,23490.282,.01881647,1213042,0,0
5,1988,,0,45.51768,24299.363,.01951236,1213641,0,0
5,1989,,0,33.31609,24948.099,.01973749,1215466,0,0
5,1990,,0,38.88421,24900.515,.02050969,1220423,0,0
5,1991,,0,34.79341,25107.007,.02135203,1232775,0,0
5,1992,,0,38.68991,26354.089,.02142856,1248781,0,0
5,1993,,0,39.49163,26552.722,.02087241,1268800,0,0
5,1994,,0,53.22697,27191.416,.01999429,1287005,0,0
5,1995,,0,45.80822,27758.791,.01821006,1306773,0,0
5,1996,,0,40.57498,28287.526,.01693293,1323703,0,0
6,1964,1970,0,112.8131,21809.3,.01323051,8837580,0,6
6,1965,1970,0,123.487,22383.365,.01529115,9076856,0,5
6,1966,1970,0,127.0544,23276.722,.01718283,9316132,0,4
6,1967,1970,0,131.781,23945.531,.01970962,9555402,0,3
6,1968,1970,0,115.1233,24975.738,.02179755,9794680,0,2
6,1969,1970,0,128.1438,25867.487,.02712452,1.00e+07,0,1
6,1970,1970,1,134.4435,26207.925,.03636492,1.02e+07,1,0
6,1971,1970,1,137.556,26347.315,.04365672,1.03e+07,2,0
6,1972,1970,1,135.6638,27750.573,.04270807,1.04e+07,3,0
6,1973,1970,1,112.5318,28242.385,.04000577,1.06e+07,4,0
6,1974,1970,1,114.6966,28229.753,.03872417,1.07e+07,5,0
6,1975,1970,1,111.0879,28334.743,.04127101,1.09e+07,6,0
6,1976,1970,1,104.6317,29186.035,.04207136,1.11e+07,7,0
6,1977,1970,1,100.7278,29865.979,.04205635,1.13e+07,8,0
6,1978,1970,1,84.40091,31176.291,.04112267,1.16e+07,9,0
6,1979,1970,1,80.79575,31692.782,.03923373,1.18e+07,10,0
6,1980,1970,1,69.64105,31626.62,.04036027,1.21e+07,11,0
6,1981,1970,1,73.34216,31798.561,.0426159,1.23e+07,12,0
6,1982,1970,1,74.43253,31369.453,.04107808,1.25e+07,13,0
6,1983,1970,1,62.96433,31849.914,.04255913,1.28e+07,14,0
6,1984,1970,1,66.58502,33376.416,.04200563,1.30e+07,15,0
6,1985,1970,1,61.40804,34106.335,.0418312,1.33e+07,16,0
6,1986,1970,1,60.34995,35121.167,.0419284,1.36e+07,17,0
6,1987,1970,1,58.9715,35737.005,.04208341,1.39e+07,18,0
6,1988,1970,1,53.86119,36557.207,.04144232,1.42e+07,19,0
6,1989,1970,1,51.72964,36767.031,.04191981,1.46e+07,20,0
6,1990,1970,1,50.86367,36588.651,.04469491,1.50e+07,21,0
6,1991,1970,1,48.65615,35858.23,.0494219,1.52e+07,22,0
6,1992,1970,1,52.30226,36292.586,.05293617,1.55e+07,23,0
6,1993,1970,1,48.01072,35914.148,.05584714,1.56e+07,24,0
6,1994,1970,1,46.33899,36047.357,.05814481,1.58e+07,25,0
6,1995,1970,1,42.6997,36769.365,.05769454,1.59e+07,26,0
6,1996,1970,1,42.37778,37698.246,.05511384,1.60e+07,27,0
8,1964,1971,0,111.4278,17747.1,.01061104,976404.2,0,7
8,1965,1971,0,107.1067,18511.888,.01128387,999679.6,0,6
8,1966,1971,0,91.91471,19123.69,.01221962,1022939,0,5
8,1967,1971,0,101.6661,19616.362,.01326242,1046189,0,4
8,1968,1971,0,103.6252,20315.912,.01360513,1069450,0,3
8,1969,1971,0,90.4826,21358.932,.01475501,1092849,0,2
8,1970,1971,0,97.62772,22418.7,.01944997,1128108,0,1
8,1971,1971,1,106.9322,23388.931,.02430647,1163401,1,0
8,1972,1971,1,101.0024,24613.722,.0253089,1211853,2,0
8,1973,1971,1,101.0372,25485.567,.0242521,1256266,3,0
8,1974,1971,1,101.9136,25500.009,.02333476,1278886,4,0
8,1975,1971,1,95.98931,25503.596,.02417744,1301299,5,0
8,1976,1971,1,97.03187,26078.093,.02431544,1323449,6,0
8,1977,1971,1,96.30354,26696.599,.02333443,1356122,7,0
8,1978,1971,1,86.32636,28099.025,.02093221,1391846,8,0
8,1979,1971,1,73.93958,28594.548,.01894088,1434239,9,0
8,1980,1971,1,71.04447,28870.828,.0193502,1465097,10,0
8,1981,1971,1,86.41331,29654.593,.01939822,1498475,11,0
8,1982,1971,1,61.91204,29834.109,.01714773,1542211,12,0
8,1983,1971,1,74.23777,30042.252,.01884585,1579556,13,0
8,1984,1971,1,65.97231,31127.053,.01849598,1598780,14,0
8,1985,1971,1,76.05564,31417.048,.01715542,1616904,15,0
8,1986,1971,1,73.90118,31801.136,.01814176,1631241,16,0
8,1987,1971,1,61.43783,31689.556,.01936218,1642876,17,0
8,1988,1971,1,74.62379,32331.393,.02022058,1644265,18,0
8,1989,1971,1,51.64869,33388.661,.02065753,1652194,19,0
8,1990,1971,1,57.92793,33386.888,.02154052,1668681,20,0
8,1991,1971,1,60.69965,33330.271,.02347442,1705914,21,0
8,1992,1971,1,70.49518,34259.675,.02400698,1756878,22,0
8,1993,1971,1,64.72041,35033.385,.02346258,1813480,23,0
8,1994,1971,1,62.83584,35869.626,.0219566,1866595,24,0
8,1995,1971,1,59.39911,37046.13,.01967911,1914916,25,0
8,1996,1971,1,53.0667,37986.731,.01763085,1959472,26,0
9,1964,1973,0,52.5151,21505.765,.01022719,1407318,0,9
9,1965,1973,0,61.89867,22294.365,.01010567,1436397,0,8
9,1966,1973,0,51.48725,23400.14,.0091165,1465475,0,7
9,1967,1973,0,55.0661,24678.067,.00953462,1494553,0,6
9,1968,1973,0,55.25052,24998.863,.01142008,1523632,0,5
9,1969,1973,0,63.96929,27095.584,.01319736,1552710,0,4
9,1970,1973,0,47.78807,27231.755,.01536688,1564512,0,3
9,1971,1973,0,53.13208,27272.758,.01868996,1576314,0,2
9,1972,1973,0,47.55939,28467.286,.0203164,1580484,0,1
9,1973,1973,1,54.08969,29138.236,.02182771,1581522,1,0
9,1974,1973,1,38.02047,28855.494,.02315028,1586262,2,0
9,1975,1973,1,53.04802,28548.049,.02535143,1592543,3,0
9,1976,1973,1,44.13305,29127.325,.02669334,1593375,4,0
9,1977,1973,1,35.19816,30141.877,.02762601,1596228,5,0
9,1978,1973,1,54.12855,31363.575,.02827954,1600518,6,0
9,1979,1973,1,37.26402,32134.966,.02878255,1604395,7,0
9,1980,1973,1,33.97457,32759.173,.03011414,1612742,8,0
9,1981,1973,1,39.10888,33424.101,.03030303,1620072,9,0
9,1982,1973,1,32.44894,33926.075,.02682896,1625175,10,0
9,1983,1973,1,26.60979,34542.784,.02689134,1636707,11,0
9,1984,1973,1,32.18901,36957.721,.02632223,1645203,12,0
9,1985,1973,1,24.26717,38095.511,.02493959,1655634,13,0
9,1986,1973,1,29.37353,40026.257,.02396001,1665348,14,0
9,1987,1973,1,30.06876,42018.863,.02281559,1676796,15,0
9,1988,1973,1,27.91585,44371.046,.02222763,1688158,16,0
9,1989,1973,1,31.19854,46010.179,.02321047,1693291,17,0
9,1990,1973,1,30.569,44986.465,.02658117,1696837,18,0
9,1991,1973,1,27.5354,43585.107,.03109289,1702975,19,0
9,1992,1973,1,26.25403,45777.364,.03282618,1702805,20,0
9,1993,1973,1,33.37108,46092.196,.03381026,1707354,21,0
9,1994,1973,1,35.65055,46225.561,.03498395,1711125,22,0
9,1995,1973,1,30.8077,47442.026,.03533602,1715233,23,0
9,1996,1973,1,30.56573,48270.19,.03337278,1721785,24,0
10,1964,,0,56.48964,21479.932,.01026725,247502.2,0,0
10,1965,,0,61.09297,22764.791,.01066655,253088.8,0,0
10,1966,,0,107.9681,22850.928,.01122353,258675.3,0,0
10,1967,,0,61.77805,23285.048,.01324444,264261.9,0,0
10,1968,,0,82.9295,24039.147,.01587311,269848.4,0,0
10,1969,,0,65.41486,25054.287,.0172757,275435,0,0
10,1970,,0,43.78168,24994.107,.02117454,282572,0,0
10,1971,,0,55.98576,25523.013,.0266946,289709,0,0
10,1972,,0,47.52161,26803.136,.03077669,294246,0,0
10,1973,,0,69.34623,27651.309,.03019177,297272,0,0
10,1974,,0,56.70048,27049.663,.03042942,299688,0,0
10,1975,,0,81.03278,26674.837,.0336751,302939,0,0
10,1976,,0,56.36883,27310.995,.03344112,305243,0,0
10,1977,,0,44.25637,27531.191,.03483409,307089,0,0
10,1978,,0,72.63562,28131.315,.0353055,309017,0,0
10,1979,,0,33.09782,28164.156,.03653947,309745,0,0
10,1980,,0,65.18266,28655.988,.03828517,308024,0,0
10,1981,,0,40.57049,28758.245,.03735107,308561,0,0
10,1982,,0,82.20773,29073.291,.03209073,310074,0,0
10,1983,,0,34.92534,29538.298,.02981204,313176,0,0
10,1984,,0,49.17434,30946.094,.0299899,316162,0,0
10,1985,,0,20.72822,32259.23,.0274205,319393,0,0
10,1986,,0,43.3727,33218.296,.02509819,324024,0,0
10,1987,,0,69.49769,34194.568,.02358043,328574,0,0
10,1988,,0,59.85845,35475.577,.02245461,333996,0,0
10,1989,,0,36.40713,37244.293,.02238891,339223,0,0
10,1990,,0,44.69872,36631.227,.02451292,344859,0,0
10,1991,,0,56.24046,36653.765,.0277773,351600,0,0
10,1992,,0,63.78722,36733.477,.03051506,357441,0,0
10,1993,,0,47.36092,36635.341,.03155551,363357,0,0
10,1994,,0,32.91761,36718.448,.03088103,368843,0,0
10,1995,,0,39.74619,37336.36,.02807848,375145,0,0
10,1996,,0,35.16965,38305.813,.02720364,381153,0,0
11,1964,1977,0,45.42294,24560.488,.0099302,406369.9,0,13
11,1965,1977,0,34.12579,26076.842,.0110217,406516.1,0,12
11,1966,1977,0,33.76423,26596.678,.01169767,406662.3,0,11
11,1967,1977,0,44.12886,27692.274,.01274146,406808.6,0,10
11,1968,1977,0,41.93971,28456.153,.01466174,406954.8,0,9
11,1969,1977,0,36.69406,27040.264,.01971255,407101,0,8
11,1970,1977,0,49.98028,28862.493,.0313855,404380,0,7
11,1971,1977,0,80.46631,30969.473,.05145824,401659,0,6
11,1972,1977,0,77.85341,32939.385,.06715033,397696,0,5
11,1973,1977,0,65.60199,33054.12,.07581788,392458,0,4
11,1974,1977,0,46.97191,33193.687,.07828323,385949,0,3
11,1975,1977,0,51.51691,33779.854,.08427112,380684,0,2
11,1976,1977,0,82.02641,34506.597,.08353297,373178,0,1
11,1977,1977,1,52.61217,35559.828,.08651703,365875,1,0
11,1978,1977,1,39.17342,36090.876,.08830857,359832,2,0
11,1979,1977,1,29.74757,35536.833,.08830821,352320,3,0
11,1980,1977,1,38.04896,34698.041,.08896576,342289,4,0
11,1981,1977,1,33.11794,34104.841,.08256643,341853,5,0
11,1982,1977,1,40.16376,34453.849,.07447007,340328,6,0
11,1983,1977,1,33.87801,34558.121,.06799526,339846,7,0
11,1984,1977,1,39.38111,36200.218,.06802296,340020,8,0
11,1985,1977,1,22.40372,37015.321,.06520955,340239,9,0
11,1986,1977,1,46.31595,37989.465,.06115697,341531,10,0
11,1987,1977,1,11.3281,38781.29,.05737839,340404,11,0
11,1988,1977,1,19.08296,41527.107,.05451052,336724,12,0
11,1989,1977,1,18.34295,42848.097,.05393574,333199,13,0
11,1990,1977,1,13.21851,43796.022,.05914979,323226,14,0
11,1991,1977,1,17.71715,44490.767,.06777911,320090,15,0
11,1992,1977,1,10.99703,46096.409,.07168006,317629,16,0
11,1993,1977,1,16.68589,47049.614,.08099397,316682,17,0
11,1994,1977,1,7.477235,47616.771,.08694879,313077,18,0
11,1995,1977,1,13.03544,47476.435,.0858763,307908,19,0
11,1996,1977,1,23.57218,48822.391,.0838462,304009,20,0
12,1964,1971,0,74.29163,15764.436,.0094492,2907919,0,7
12,1965,1971,0,80.65296,16496.686,.00932277,3006206,0,6
12,1966,1971,0,80.02652,17161.337,.01027213,3104492,0,5
12,1967,1971,0,78.26814,18073.232,.01133391,3202777,0,4
12,1968,1971,0,82.29701,19425.574,.0120239,3301064,0,3
12,1969,1971,0,89.03296,20960.63,.01386784,3399352,0,2
12,1970,1971,0,95.34966,21954.283,.01696625,3552150,0,1
12,1971,1971,1,76.85011,22574.744,.02143581,3704949,1,0
12,1972,1971,1,81.55613,24009.915,.0230605,3889107,2,0
12,1973,1971,1,86.80734,24926.814,.02194013,4101593,3,0
12,1974,1971,1,92.60527,24315.72,.01897953,4305327,4,0
12,1975,1971,1,91.77881,23890.23,.01816293,4424355,5,0
12,1976,1971,1,86.437,24188.376,.01785698,4508172,6,0
12,1977,1971,1,89.12433,24896.363,.01794557,4611713,7,0
12,1978,1971,1,84.84508,26222.958,.01729782,4741686,8,0
12,1979,1971,1,79.32959,26507.441,.0171556,4920143,9,0
12,1980,1971,1,73.80811,26992.965,.01891944,5118558,10,0
12,1981,1971,1,60.67635,27522.738,.01925362,5297979,11,0
12,1982,1971,1,81.94379,27325.467,.01774412,5442337,12,0
12,1983,1971,1,68.95493,28374.821,.0187114,5580832,13,0
12,1984,1971,1,64.03265,29527.881,.01769878,5729518,14,0
12,1985,1971,1,54.0629,30521.976,.01640532,5885281,15,0
12,1986,1971,1,63.11923,31555.282,.01625926,6041009,16,0
12,1987,1971,1,60.54732,32120.588,.01705939,6206270,17,0
12,1988,1971,1,58.64779,33135.155,.01757515,6362829,18,0
12,1989,1971,1,57.79905,34516.572,.0186807,6525517,19,0
12,1990,1971,1,51.97242,33967.634,.02092187,6720984,20,0
12,1991,1971,1,53.24898,33213.571,.02580476,6889557,21,0
12,1992,1971,1,52.02975,33629.601,.03363053,7025305,22,0
12,1993,1971,1,57.44404,34162.009,.03532892,7166538,23,0
12,1994,1971,1,46.62315,34463.094,.03322771,7323769,24,0
12,1995,1971,1,47.72909,35404.988,.03000936,7472498,25,0
12,1996,1971,1,47.24295,35901.774,.02660513,7625697,26,0
13,1964,1973,0,47.76581,13923.853,.00759866,2150929,0,9
13,1965,1973,0,47.43012,14869.267,.0085015,2184370,0,8
13,1966,1973,0,59.52446,15748.195,.00951237,2217806,0,7
13,1967,1973,0,49.79271,16536.106,.0108533,2251236,0,6
13,1968,1973,0,57.85325,17286.448,.01325499,2284674,0,5
13,1969,1973,0,52.97851,18166.986,.01894486,2318131,0,4
13,1970,1973,0,60.33442,18645.308,.02653277,2370967,0,3
13,1971,1973,0,47.63147,19292.708,.03435944,2423817,0,2
13,1972,1973,0,67.37711,20588.343,.03874592,2476205,0,1
13,1973,1973,1,69.87316,21431.15,.04067412,2530987,1,0
13,1974,1973,1,64.98689,21006.43,.04176608,2576772,2,0
13,1975,1973,1,80.54225,20702.28,.04350991,2610972,3,0
13,1976,1973,1,59.31693,21462.047,.03558835,2643126,4,0
13,1977,1973,1,69.06436,21933.906,.03163923,2689038,5,0
13,1978,1973,1,61.46148,22977.782,.02913581,2729359,6,0
13,1979,1973,1,58.93541,23023.033,.02872715,2784761,7,0
13,1980,1973,1,53.15435,22677.591,.03052286,2833677,8,0
13,1981,1973,1,58.08383,23087.025,.03122436,2877924,9,0
13,1982,1973,1,53.2079,23242.64,.02967716,2918173,10,0
13,1983,1973,1,45.6426,24128.458,.03020318,2957197,11,0
13,1984,1973,1,42.47089,25771.929,.02939755,3011251,12,0
13,1985,1973,1,45.83645,26738.26,.02728333,3075837,13,0
13,1986,1973,1,45.54837,28093.336,.02706448,3136522,14,0
13,1987,1973,1,52.3509,28653.003,.02690652,3200377,15,0
13,1988,1973,1,47.79859,29617.995,.02742109,3253275,16,0
13,1989,1973,1,48.48965,30146.141,.02858407,3300606,17,0
13,1990,1973,1,45.83693,30198.75,.03125392,3350484,18,0
13,1991,1973,1,39.89526,29903.226,.03629378,3420483,19,0
13,1992,1973,1,34.89971,30864.009,.03946736,3500785,20,0
13,1993,1973,1,34.20679,31249.079,.03954674,3581130,21,0
13,1994,1973,1,35.70956,32158.71,.03849322,3669122,22,0
13,1995,1973,1,36.07077,33084.649,.03670131,3752639,23,0
13,1996,1973,1,33.48253,34006.225,.03284535,3837141,24,0
16,1964,1971,0,47.86918,14802.166,.00754199,337985.6,0,7
16,1965,1971,0,49.69687,16483.972,.00762501,340316.6,0,6
16,1966,1971,0,48.94074,16149.305,.00759007,342640.7,0,5
16,1967,1971,0,62.24003,16728.247,.00857604,344953.2,0,4
16,1968,1971,0,54.8566,17026.284,.00926244,347280.7,0,3
16,1969,1971,0,63.97881,18543.16,.0104144,349676,0,2
16,1970,1971,0,85.37611,19257.495,.01371899,359599,0,1
16,1971,1971,1,57.19467,19580.96,.01483938,369546,1,0
16,1972,1971,1,45.29072,21010.517,.01745319,381339,2,0
16,1973,1971,1,38.56409,22313.147,.01533634,390657,3,0
16,1974,1971,1,79.0276,23093.634,.01493645,403677,4,0
16,1975,1971,1,81.35541,22272.985,.01546054,415822,5,0
16,1976,1971,1,59.83331,22918.78,.01566043,428495,6,0
16,1977,1971,1,67.82691,22834.024,.01552939,441904,7,0
16,1978,1971,1,44.13983,23878.682,.01516214,455768,8,0
16,1979,1971,1,59.06243,23356.145,.01579295,466817,9,0
16,1980,1971,1,49.59577,23261.108,.01640287,475059,10,0
16,1981,1971,1,44.11198,23084.602,.01470184,481952,11,0
16,1982,1971,1,61.93652,22433.843,.01341091,488141,12,0
16,1983,1971,1,51.91308,23118.358,.01418735,491882,13,0
16,1984,1971,1,64.48029,23530.983,.01317124,496530,14,0
16,1985,1971,1,42.1122,23804.863,.01252983,498364,15,0
16,1986,1971,1,57.43476,24019.752,.01279053,496383,16,0
16,1987,1971,1,55.42164,24505.044,.01323544,493983,17,0
16,1988,1971,1,51.75335,25582.399,.01285347,494821,18,0
16,1989,1971,1,61.04859,26808.884,.01232527,499448,19,0
16,1990,1971,1,62.32271,27165.592,.01233534,508485,20,0
16,1991,1971,1,51.49749,26793.409,.01326891,522870,21,0
16,1992,1971,1,37.35571,27926.87,.01388711,537351,22,0
16,1993,1971,1,45.27489,28889.949,.01466621,555364,23,0
16,1994,1971,1,67.17177,29310.407,.01528054,573420,24,0
16,1995,1971,1,55.11381,29904.095,.01555074,589184,25,0
16,1996,1971,1,45.61909,30315.661,.01453686,601947,26,0
17,1964,1984,0,46.12389,20330.375,.01035903,5379057,0,20
17,1965,1984,0,52.57697,21474.299,.01019277,5441813,0,19
17,1966,1984,0,49.94909,22301.716,.0096627,5504553,0,18
17,1967,1984,0,50.44091,22840.722,.00996298,5567279,0,17
17,1968,1984,0,46.91704,23461.005,.0116385,5630022,0,16
17,1969,1984,0,50.61295,24340.663,.01372757,5692924,0,15
17,1970,1984,0,54.90055,24498.024,.01727621,5729458,0,14
17,1971,1984,0,50.38992,25022.364,.02596795,5766051,0,13
17,1972,1984,0,51.71696,26228.783,.03198672,5790255,0,12
17,1973,1984,0,46.80654,27489.686,.0353965,5793411,0,11
17,1974,1984,0,39.10416,27310.039,.03570614,5802950,0,10
17,1975,1984,0,42.01683,27466.007,.03892534,5823071,0,9
17,1976,1984,0,45.74953,28066.882,.03919667,5850469,0,8
17,1977,1984,0,48.61582,28883.092,.03849677,5874465,0,7
17,1978,1984,0,46.20281,29774.892,.03679135,5891917,0,6
17,1979,1984,0,40.18455,29847.402,.03578655,5886918,0,5
17,1980,1984,0,35.47856,29051.188,.03680809,5892751,0,4
17,1981,1984,0,40.2153,29378.421,.03949649,5896226,0,3
17,1982,1984,0,42.73213,29372.592,.03875853,5887048,0,2
17,1983,1984,0,41.96664,29433.125,.04073192,5880133,0,1
17,1984,1984,1,45.14484,31116.532,.04139752,5878935,1,0
17,1985,1984,1,43.86464,31685.57,.0408219,5870407,2,0
17,1986,1984,1,40.90976,32792.548,.04124293,5862197,3,0
17,1987,1984,1,39.0928,33537.389,.03967432,5863051,4,0
17,1988,1984,1,40.34988,34865.762,.0369335,5860494,5,0
17,1989,1984,1,35.3981,35521.145,.03498054,5868262,6,0
17,1990,1984,1,36.35233,35788.21,.0358911,5889317,7,0
17,1991,1984,1,37.80315,34934.489,.03787694,5944631,8,0
17,1992,1984,1,35.70102,36529.865,.03799282,6004102,9,0
17,1993,1984,1,34.41288,36519.574,.03852666,6060809,10,0
17,1994,1984,1,29.09114,37349.701,.03951078,6108175,11,0
17,1995,1984,1,30.16006,38403.027,.03782601,6151104,12,0
17,1996,1984,1,31.36318,39472.864,.03554025,6193639,13,0
18,1964,1973,0,56.01205,17075.448,.00477983,2490114,0,9
18,1965,1973,0,44.45177,18327.532,.00471754,2521777,0,8
18,1966,1973,0,44.31583,18907.708,.00454066,2553409,0,7
18,1967,1973,0,56.45153,19063.957,.00456153,2585024,0,6
18,1968,1973,0,55.85336,19766.678,.00491721,2616662,0,5
18,1969,1973,0,60.03574,20650.84,.00568572,2648450,0,4
18,1970,1973,0,56.92192,20239.104,.00875156,2669048,0,3
18,1971,1973,0,59.54527,20905.912,.01398623,2689687,0,2
18,1972,1973,0,56.96869,22011.952,.01742225,2711777,0,1
18,1973,1973,1,57.8054,23606.127,.01817376,2729169,1,0
18,1974,1973,1,51.89548,22875.255,.0186388,2741821,2,0
18,1975,1973,1,43.6529,22796.553,.0197391,2744958,3,0
18,1976,1973,1,50.98793,23869.142,.02101716,2756680,4,0
18,1977,1973,1,60.47037,24682.542,.01958546,2775592,5,0
18,1978,1973,1,51.74628,25596.526,.01845989,2798563,6,0
18,1979,1973,1,43.27386,25620.126,.01821217,2814816,7,0
18,1980,1973,1,35.51527,24714.596,.0201227,2825623,8,0
18,1981,1973,1,35.46904,24804.622,.02106021,2820453,9,0
18,1982,1973,1,49.43342,24252.494,.01946136,2815267,10,0
18,1983,1973,1,46.40185,24459.314,.02042558,2806987,11,0
18,1984,1973,1,44.58831,26045.472,.0205057,2811605,12,0
18,1985,1973,1,40.80004,26573.485,.02022835,2812632,13,0
18,1986,1973,1,35.7316,27561.651,.01956034,2810180,14,0
18,1987,1973,1,43.38036,28198.776,.01871357,2820534,15,0
18,1988,1973,1,34.82177,29006.315,.01863826,2830053,16,0
18,1989,1973,1,43.1386,30122.904,.01813045,2846023,17,0
18,1990,1973,1,41.86875,30105.082,.01928732,2862792,18,0
18,1991,1973,1,38.19651,29579.424,.02200342,2890350,19,0
18,1992,1973,1,34.12434,30947.377,.02401532,2916968,20,0
18,1993,1973,1,36.91735,31489.998,.02518098,2946589,21,0
18,1994,1973,1,37.82716,32469.741,.02442669,2972077,22,0
18,1995,1973,1,30.86639,32800.404,.02058867,2998660,23,0
18,1996,1973,1,38.92426,33443.826,.0168971,3023378,24,0
19,1964,1970,0,47.67648,16604.001,.00736221,1418923,0,6
19,1965,1970,0,48.57528,18149.533,.00790685,1424135,0,5
19,1966,1970,0,48.07444,19055.81,.00800882,1429310,0,4
19,1967,1970,0,45.75047,18685.68,.00804011,1434475,0,3
19,1968,1970,0,50.55798,19309.945,.0093078,1439653,0,2
19,1969,1970,0,53.90493,20534.669,.01082975,1445093,0,1
19,1970,1970,1,51.84472,20756.297,.01305009,1454651,1,0
19,1971,1970,1,59.87792,20688.458,.0150634,1464267,2,0
19,1972,1970,1,52.34415,22424.308,.01642053,1467609,3,0
19,1973,1970,1,50.09991,25268.531,.01633904,1469599,4,0
19,1974,1970,1,45.22988,23803.368,.01681763,1471967,5,0
19,1975,1970,1,54.45584,24522.39,.01928883,1479505,6,0
19,1976,1970,1,42.48841,24426.884,.02077189,1490632,7,0
19,1977,1970,1,44.80449,25230.89,.02119245,1496374,8,0
19,1978,1970,1,48.56571,27201.354,.02166332,1499212,9,0
19,1979,1970,1,42.46925,26616.513,.0228217,1498296,10,0
19,1980,1970,1,33.7758,25470.516,.02610548,1498373,11,0
19,1981,1970,1,38.31437,26374.443,.02572945,1495627,12,0
19,1982,1970,1,32.21272,25783.268,.0227565,1486436,13,0
19,1983,1970,1,42.42409,25427.783,.02578224,1478091,14,0
19,1984,1970,1,45.0217,27232.226,.0269971,1472683,15,0
19,1985,1970,1,40.23763,27539.757,.02758491,1458391,16,0
19,1986,1970,1,47.44643,28355.18,.02825093,1439761,17,0
19,1987,1970,1,49.73836,28962.263,.02748377,1427685,18,0
19,1988,1970,1,40.43285,28784.395,.02545951,1428389,19,0
19,1989,1970,1,28.72761,30001.354,.02423622,1429238,20,0
19,1990,1970,1,34.55487,30028.444,.02413849,1433889,21,0
19,1991,1970,1,33.01616,29482.447,.02482773,1440654,22,0
19,1992,1970,1,27.96421,30655.587,.02555524,1449334,23,0
19,1993,1970,1,36.56814,29841.11,.02552808,1456827,24,0
19,1994,1970,1,23.56714,31699.06,.02701979,1462317,25,0
19,1995,1970,1,29.0696,32052.39,.02410545,1469512,26,0
19,1996,1970,1,30.13305,33875.096,.0215671,1474209,27,0
20,1964,1969,0,48.84149,16520.044,.00724673,1119228,0,5
20,1965,1969,0,42.15271,17361.252,.00794895,1124792,0,4
20,1966,1969,0,57.01969,18111.659,.00777475,1130347,0,3
20,1967,1969,0,55.98195,18475.526,.00790865,1135887,0,2
20,1968,1969,0,59.65464,19211.661,.00892145,1141444,0,1
20,1969,1969,1,55.54453,20296.794,.01062009,1147197,1,0
20,1970,1969,1,43.73029,20888.233,.01442357,1145694,2,0
20,1971,1969,1,50.55175,21740.328,.01858712,1144220,3,0
20,1972,1969,1,61.596,23430.653,.01818117,1148212,4,0
20,1973,1969,1,59.23323,25005.317,.01900367,1153093,5,0
20,1974,1969,1,60.15415,24559.297,.01857871,1155839,6,0
20,1975,1969,1,64.47011,24704.669,.02045118,1162496,7,0
20,1976,1969,1,51.83889,25131.4,.02256866,1172666,8,0
20,1977,1969,1,51.07441,25548.173,.02334955,1182018,9,0
20,1978,1969,1,44.66499,26310.142,.02135594,1190781,10,0
20,1979,1969,1,52.64465,27250.31,.0199217,1197961,11,0
20,1980,1969,1,46.19121,26698.554,.02201058,1209797,12,0
20,1981,1969,1,49.92259,27447.638,.02258425,1217006,13,0
20,1982,1969,1,46.90701,27878.373,.01850816,1226004,14,0
20,1983,1969,1,50.78603,27726.253,.02016813,1233121,15,0
20,1984,1969,1,40.09618,29056.546,.01902403,1238692,16,0
20,1985,1969,1,43.13242,29569.944,.01840953,1239788,17,0
20,1986,1969,1,42.3747,30387.974,.01919154,1242288,18,0
20,1987,1969,1,45.48582,30560.755,.01970801,1248883,19,0
20,1988,1969,1,44.38208,30811.517,.01926096,1256475,20,0
20,1989,1969,1,42.69802,31066.702,.02016431,1261139,21,0
20,1990,1969,1,39.07091,31338.101,.02047115,1264511,22,0
20,1991,1969,1,37.55792,31108.034,.02153009,1271511,23,0
20,1992,1969,1,50.65413,32287.687,.02255608,1287831,24,0
20,1993,1969,1,43.8719,32653.919,.02337427,1299374,25,0
20,1994,1969,1,39.74812,33130.106,.02275943,1310193,26,0
20,1995,1969,1,32.05563,33425.744,.02086744,1320063,27,0
20,1996,1969,1,38.59856,34510.345,.01820625,1327749,28,0
21,1964,1972,0,43.48056,12877.626,.01291144,1568028,0,8
21,1965,1972,0,49.93725,13699.56,.01347786,1577624,0,7
21,1966,1972,0,42.45633,14501.669,.01356571,1587237,0,6
21,1967,1972,0,52.78377,15149.091,.01545248,1596831,0,5
21,1968,1972,0,55.81925,15812.186,.0175439,1606447,0,4
21,1969,1972,0,47.31553,16783.994,.01982076,1616151,0,3
21,1970,1972,0,46.72411,17183.448,.02183933,1648402,0,2
21,1971,1972,0,56.68675,17548.02,.0231733,1680681,0,1
21,1972,1972,1,57.93772,18619.834,.02431453,1700485,1,0
21,1973,1972,1,59.554,19463.972,.02606058,1720523,2,0
21,1974,1972,1,53.33177,19675.155,.02629045,1744458,3,0
21,1975,1972,1,51.61983,19507.769,.03168064,1771613,4,0
21,1976,1972,1,62.79193,20247.491,.03631813,1802254,5,0
21,1977,1972,1,61.7796,21088.968,.03578148,1825800,6,0
21,1978,1972,1,46.80929,21773.354,.03278887,1845766,7,0
21,1979,1972,1,57.75836,22123.926,.03267426,1862529,8,0
21,1980,1972,1,50.73785,21539.733,.03425604,1874621,9,0
21,1981,1972,1,53.09071,21849.095,.03461265,1880413,10,0
21,1982,1972,1,48.60943,21878.651,.02937631,1888330,11,0
21,1983,1972,1,53.05478,21718.241,.03083616,1895475,12,0
21,1984,1972,1,49.13746,23272.17,.03179397,1897923,13,0
21,1985,1972,1,45.35128,23495.656,.03132875,1898666,14,0
21,1986,1972,1,52.41583,23789.888,.0317168,1897120,15,0
21,1987,1972,1,47.3493,24307.89,.03120337,1896705,16,0
21,1988,1972,1,38.99627,25522.723,.03072656,1895868,17,0
21,1989,1972,1,41.03116,26303.022,.03177041,1895771,18,0
21,1990,1972,1,43.67842,26480.959,.03609968,1904488,19,0
21,1991,1972,1,40.55099,26760.536,.04201345,1918596,20,0
21,1992,1972,1,39.34677,27816.246,.04297188,1938797,21,0
21,1993,1972,1,40.38755,27851.182,.04181234,1961883,22,0
21,1994,1972,1,40.24824,28395.702,.03997959,1979214,23,0
21,1995,1972,1,31.7352,28758.138,.03707288,1997437,24,0
21,1996,1972,1,34.12041,29477.89,.03528465,2012948,25,0
22,1964,,1,46.91216,13155.328,.01339534,1746988,0,0
22,1965,,1,36.37096,13833.059,.0136288,1767543,0,0
22,1966,,1,33.6367,14631.258,.01381146,1788099,0,0
22,1967,,1,49.74248,15461.32,.01484069,1808654,0,0
22,1968,,1,43.27575,16193.759,.01798591,1829210,0,0
22,1969,,1,58.43261,16363.564,.02283173,1849765,0,0
22,1970,,1,45.78024,16750.696,.02919877,1877077,0,0
22,1971,,1,49.9502,17204.139,.03074249,1904389,0,0
22,1972,,1,54.93229,18020.936,.03302792,1931038,0,0
22,1973,,1,52.66558,18771.304,.03536804,1946847,0,0
22,1974,,1,46.02219,19238.396,.0334695,1961888,0,0
22,1975,,1,64.37606,19639.63,.03369072,1994664,0,0
22,1976,,1,49.37938,20607.087,.03292859,2033823,0,0
22,1977,,1,66.02651,21278.648,.03143745,2066161,0,0
22,1978,,1,56.38994,22483.741,.03021622,2095836,0,0
22,1979,,1,57.89175,22940.492,.03068107,2130616,0,0
22,1980,,1,46.43119,23271.718,.03214904,2173888,0,0
22,1981,,1,61.25076,24162.643,.03150104,2205493,0,0
22,1982,,1,60.45016,24090.278,.02802705,2242057,0,0
22,1983,,1,57.9967,23841.423,.02973793,2267973,0,0
22,1984,,1,53.4641,24338.986,.03210364,2272035,0,0
22,1985,,1,56.10776,24451.756,.03390742,2277572,0,0
22,1986,,1,53.23395,24043.738,.03578666,2280715,0,0
22,1987,,1,51.94019,23671.973,.03898031,2249531,0,0
22,1988,,1,59.89021,24409.39,.04111395,2221977,0,0
22,1989,,1,52.66566,25067.861,.04196509,2204755,0,0
22,1990,,1,50.38647,25912.136,.04282437,2189779,0,0
22,1991,,1,41.74677,26150.735,.0420583,2203606,0,0
22,1992,,1,35.52023,27091.581,.0413099,2223085,0,0
22,1993,,1,40.59515,27602.44,.04000963,2235497,0,0
22,1994,,1,50.19686,28604.077,.03804597,2249945,0,0
22,1995,,1,46.86993,29076.792,.03417497,2264801,0,0
22,1996,,1,41.78637,29419.61,.02993334,2274849,0,0
23,1964,1973,0,48.72792,14789.25,.01084307,495808.2,0,9
23,1965,1973,0,63.3368,15663.905,.01024096,497227.3,0,8
23,1966,1973,0,61.10765,16136.964,.01034405,498636,0,7
23,1967,1973,0,50.29744,16398.005,.01119906,500042,0,6
23,1968,1973,0,45.20166,16991.596,.01233087,501451.3,0,5
23,1969,1973,0,51.05281,17940.175,.01633935,502876,0,4
23,1970,1973,0,57.80241,18687.528,.02347863,511458,0,3
23,1971,1973,0,51.8684,18872.971,.03141595,520049,0,2
23,1972,1973,0,46.75464,19694.905,.03475678,529513,0,1
23,1973,1973,1,80.77575,20576.859,.0375172,535561,1,0
23,1974,1973,1,63.0378,20510.877,.04107608,543179,2,0
23,1975,1973,1,52.75623,20163.199,.04274942,550680,3,0
23,1976,1973,1,49.15712,21462.047,.03557763,559434,4,0
23,1977,1973,1,50.55034,21620.072,.03492586,567464,5,0
23,1978,1973,1,65.60335,22176.983,.03527421,573032,6,0
23,1979,1973,1,73.29527,22315.539,.03605346,578465,7,0
23,1980,1973,1,49.24454,22550.279,.03702174,579943,8,0
23,1981,1973,1,71.31609,22626.738,.03553549,582589,9,0
23,1982,1973,1,46.18558,23034.729,.02870185,584672,10,0
23,1983,1973,1,59.26906,23525.903,.0293059,588812,11,0
23,1984,1973,1,52.21306,24829.259,.03077731,594602,12,0
23,1985,1973,1,55.33109,25723.166,.03347691,598181,13,0
23,1986,1973,1,41.48875,27275.821,.03307698,601589,14,0
23,1987,1973,1,32.49915,28361.138,.03120467,608496,15,0
23,1988,1973,1,29.67406,29619.86,.02873865,618041,16,0
23,1989,1973,1,47.69159,30489.341,.02927808,625946,17,0
23,1990,1973,1,45.46809,29927.963,.03254553,632071,18,0
23,1991,1973,1,36.54564,29209.599,.03688913,634645,19,0
23,1992,1973,1,27.09871,29786.63,.03738368,635859,20,0
23,1993,1973,1,46.8637,29914.638,.0371847,637704,21,0
23,1994,1973,1,46.04419,30514.692,.03548045,638678,22,0
23,1995,1973,1,32.36604,31106.901,.03336001,639096,23,0
23,1996,1973,1,35.73478,31880.472,.03142926,641695,24,0
24,1964,,1,64.30009,19245.399,.00959985,1748925,0,0
24,1965,,1,65.05366,20037.593,.01130045,1794287,0,0
24,1966,,1,67.60508,20913.258,.01194405,1839647,0,0
24,1967,,1,45.92632,21783.949,.01320066,1885007,0,0
24,1968,,1,59.23546,22819.268,.01459567,1930367,0,0
24,1969,,1,61.1618,24700.241,.01587176,1975731,0,0
24,1970,,1,57.55919,25743.508,.01905746,2016708,0,0
24,1971,,1,62.22575,26620.397,.02348676,2057688,0,0
24,1972,,1,67.33321,27932.206,.02748276,2088212,0,0
24,1973,,1,63.26427,28736.489,.03080105,2104639,0,0
24,1974,,1,50.5621,28376.739,.03115046,2119899,0,0
24,1975,,1,53.45404,28241.664,.03210738,2134836,0,0
24,1976,,1,50.59851,28943.858,.03373795,2144010,0,0
24,1977,,1,48.43214,29334.875,.0341986,2158205,0,0
24,1978,,1,45.73234,30407.782,.03348381,2168869,0,0
24,1979,,1,51.29222,30434.033,.03419684,2176578,0,0
24,1980,,1,43.75333,30446.324,.03593803,2179177,0,0
24,1981,,1,37.44321,30662.379,.03629478,2199189,0,0
24,1982,,1,34.9697,31200.382,.03178683,2210554,0,0
24,1983,,1,46.28208,31887.163,.03178179,2223519,0,0
24,1984,,1,33.54602,33551.062,.03154648,2249934,0,0
24,1985,,1,44.56581,34863.078,.03163418,2275434,0,0
24,1986,,1,41.62007,36382.419,.02988602,2312352,0,0
24,1987,,1,37.30917,37298.772,.02776305,2351861,0,0
24,1988,,1,32.78418,38735.385,.02618701,2400016,0,0
24,1989,,1,33.05482,39500.114,.02615203,2435875,0,0
24,1990,,1,34.28453,39276.088,.0276926,2472222,0,0
24,1991,,1,20.8798,38734.647,.03034607,2507845,0,0
24,1992,,1,32.52561,39247.36,.03160672,2537414,0,0
24,1993,,1,37.91087,39463.793,.03113288,2563876,0,0
24,1994,,1,29.17629,40011.08,.03108238,2591417,0,0
24,1995,,1,26.69996,40368.808,.03043388,2616511,0,0
24,1996,,1,33.82319,40803.099,.02687863,2639823,0,0
25,1964,1975,0,42.16181,19284.148,.00858896,2792596,0,11
25,1965,1975,0,45.87458,20043.95,.00928092,2825161,0,10
25,1966,1975,0,42.58092,20833.036,.00991363,2857724,0,9
25,1967,1975,0,42.49411,21789.953,.01148098,2890287,0,8
25,1968,1975,0,43.52035,22819.268,.01411294,2922850,0,7
25,1969,1975,0,49.50205,23649.167,.01720571,2955415,0,6
25,1970,1975,0,51.22801,24144.434,.02155798,2974923,0,5
25,1971,1975,0,53.01656,24572.285,.02565027,2994432,0,4
25,1972,1975,0,42.44773,25664.248,.02717314,3005916,0,3
25,1973,1975,0,44.96278,26076.643,.02893851,3018677,0,2
25,1974,1975,0,39.65407,25651.195,.03235538,3018187,0,1
25,1975,1975,1,41.14935,25565.648,.03705596,3014034,1,0
25,1976,1975,1,38.34773,26037.73,.0387064,3008081,2,0
25,1977,1975,1,48.01568,26662.111,.04078872,3006646,3,0
25,1978,1975,1,42.50279,27595.296,.04147299,3007013,4,0
25,1979,1975,1,43.05859,28002.022,.04118144,3009493,5,0
25,1980,1975,1,36.00004,28361.577,.04143124,3011548,6,0
25,1981,1975,1,32.34377,28743.709,.04002514,3021407,7,0
25,1982,1975,1,36.85561,29708.448,.032907,3021756,8,0
25,1983,1975,1,30.66437,30817.904,.02977637,3034518,9,0
25,1984,1975,1,35.80088,33147.061,.02844139,3053894,10,0
25,1985,1975,1,33.42704,34452.158,.0283084,3072418,11,0
25,1986,1975,1,36.48162,36368.427,.02838097,3080697,12,0
25,1987,1975,1,40.87932,37896.031,.02832574,3094941,13,0
25,1988,1975,1,36.29792,39908.393,.02781223,3114346,14,0
25,1989,1975,1,25.96958,40098.926,.0285635,3129481,15,0
25,1990,1975,1,34.79653,39296.524,.03097951,3130631,16,0
25,1991,1975,1,30.66203,38563.705,.03438841,3128234,17,0
25,1992,1975,1,29.47111,39491.053,.03573343,3131736,18,0
25,1993,1975,1,32.39646,39862.717,.03640947,3147354,19,0
25,1994,1975,1,31.30821,40749.586,.03475075,3164279,20,0
25,1995,1975,1,30.2363,41772.082,.03048396,3187072,21,0
25,1996,1975,1,26.96443,42995.874,.02679917,3206449,22,0
26,1964,1972,0,57.18134,18735.202,.00901257,4190879,0,8
26,1965,1972,0,63.85467,20063.022,.00925567,4253564,0,7
26,1966,1972,0,60.23496,20845.378,.00879377,4316238,0,6
26,1967,1972,0,58.80111,20841.258,.00929648,4378896,0,5
26,1968,1972,0,61.9489,22015.65,.01083137,4441575,0,4
26,1969,1972,0,61.90789,22636.817,.01226405,4504356,0,3
26,1970,1972,0,63.21023,22049.277,.01803561,4539167,0,2
26,1971,1972,0,74.29939,22782.083,.02605058,4574031,0,1
26,1972,1972,1,57.91558,24412.453,.03455304,4599373,1,0
26,1973,1972,1,60.14568,25490.184,.03766247,4625137,2,0
26,1974,1972,1,71.1719,24693.684,.04041671,4648117,3,0
26,1975,1972,1,64.14803,24402.163,.04294956,4652064,4,0
26,1976,1972,1,66.63213,25751.52,.04465546,4659199,5,0
26,1977,1972,1,65.24622,27106.997,.04333456,4682669,6,0
26,1978,1972,1,58.68366,28163.606,.04246786,4709828,7,0
26,1979,1972,1,58.50415,28034.449,.04383469,4736378,8,0
26,1980,1972,1,49.57902,26974.398,.04923854,4743447,9,0
26,1981,1972,1,53.73463,26483.458,.05165434,4722748,10,0
26,1982,1972,1,51.20528,26048.298,.04945061,4678756,11,0
26,1983,1972,1,49.2691,26742.447,.05225001,4647270,12,0
26,1984,1972,1,54.56318,28397.939,.05079509,4650735,13,0
26,1985,1972,1,39.04056,29696.068,.04786412,4666427,14,0
26,1986,1972,1,51.6082,30887.678,.04663311,4694195,15,0
26,1987,1972,1,45.37018,30862.284,.04519598,4726353,16,0
26,1988,1972,1,43.4157,31661.902,.04491094,4742508,17,0
26,1989,1972,1,36.18904,32562.837,.0445946,4761212,18,0
26,1990,1972,1,37.29506,32259.459,.04617329,4789744,19,0
26,1991,1972,1,40.41574,31489.364,.04721737,4830819,20,0
26,1992,1972,1,37.08787,32322.959,.04635585,4865801,21,0
26,1993,1972,1,32.04827,33009.04,.04701834,4891939,22,0
26,1994,1972,1,31.30101,34553.492,.04473825,4917185,23,0
26,1995,1972,1,30.2763,35382.548,.03937827,4952568,24,0
26,1996,1972,1,34.58372,35960.053,.03456247,4990372,25,0
27,1964,1974,0,54.44065,16513.586,.00719078,1813492,0,10
27,1965,1974,0,44.91751,17799.892,.00780208,1836721,0,9
27,1966,1974,0,58.2886,18605.333,.00777504,1859916,0,8
27,1967,1974,0,54.51671,19226.076,.00817803,1883094,0,7
27,1968,1974,0,39.73701,20136.688,.00892659,1906291,0,6
27,1969,1974,0,43.75632,21115.526,.01003186,1929686,0,5
27,1970,1974,0,48.5169,21632.357,.01360793,1946169,0,4
27,1971,1974,0,50.21053,21902.154,.01722124,1962727,0,3
27,1972,1974,0,50.34695,23018.297,.01955996,1968132,0,2
27,1973,1974,0,49.49397,25245.442,.02047416,1976935,0,1
27,1974,1974,1,46.62056,24630.69,.02072844,1984134,1,0
27,1975,1974,1,54.07949,24437.068,.02175719,1998665,2,0
27,1976,1974,1,41.39861,24775.472,.02210994,2014799,3,0
27,1977,1974,1,42.55653,26062.033,.02304085,2027273,4,0
27,1978,1974,1,47.32183,27207.812,.02303553,2040739,5,0
27,1979,1974,1,47.57809,27406.548,.02312527,2057958,6,0
27,1980,1974,1,47.61063,27067.23,.02461067,2083625,7,0
27,1981,1974,1,41.75735,27217.495,.02553562,2097609,8,0
27,1982,1974,1,45.14024,27352.883,.02167088,2108698,9,0
27,1983,1974,1,43.26404,27553.156,.02311652,2114105,10,0
27,1984,1974,1,43.163,29898.215,.0236924,2123089,11,0
27,1985,1974,1,39.38182,30479.256,.02434028,2136383,12,0
27,1986,1974,1,52.62022,31555.282,.02520906,2146560,13,0
27,1987,1974,1,51.25572,32321.608,.0252465,2161610,14,0
27,1988,1974,1,46.13754,32389.204,.02501837,2191300,15,0
27,1989,1974,1,45.37186,33633.548,.02471874,2211868,16,0
27,1990,1974,1,46.68531,33696.846,.02585714,2236768,17,0
27,1991,1974,1,35.91681,33133.031,.02672314,2260965,18,0
27,1992,1974,1,37.63131,34338.234,.02817921,2286094,19,0
27,1993,1974,1,39.42293,34057.194,.02775196,2314608,20,0
27,1994,1974,1,35.24623,35356.349,.02669268,2340601,21,0
27,1995,1974,1,33.38985,36138.042,.02563589,2363448,22,0
27,1996,1974,1,34.47745,37537.977,.02405922,2388429,23,0
28,1964,,0,32.38273,10274.977,.01855932,1118302,0,0
28,1965,,0,34.63913,10972.362,.01840574,1120325,0,0
28,1966,,0,44.32708,11626.019,.01856181,1122349,0,0
28,1967,,0,38.66114,12321.02,.02001857,1124373,0,0
28,1968,,0,34.31266,13025.541,.02220947,1126396,0,0
28,1969,,0,37.34054,13791.199,.02407496,1128420,0,0
28,1970,,0,25.5411,14407.498,.02770072,1147383,0,0
28,1971,,0,57.68268,14999.258,.03183301,1166347,0,0
28,1972,,0,43.24585,16283.15,.03721151,1186875,0,0
28,1973,,0,32.02475,17182.786,.04087808,1208645,0,0
28,1974,,0,43.38725,16966.409,.04272997,1225186,0,0
28,1975,,0,46.57898,16847.266,.04422469,1237919,0,0
28,1976,,0,40.1864,17836.726,.04299622,1255217,0,0
28,1977,,0,44.68444,18429.999,.04148944,1272173,0,0
28,1978,,0,40.30403,19002.846,.04109759,1288348,0,0
28,1979,,0,49.19362,19450.189,.04298779,1299935,0,0
28,1980,,0,36.78294,18887.383,.04464371,1308654,0,0
28,1981,,0,51.43633,19264.221,.04540385,1317269,0,0
28,1982,,0,41.2615,19057,.03760654,1326981,0,0
28,1983,,0,40.62651,19049.474,.03941124,1333285,0,0
28,1984,,0,43.18492,19905.491,.03943965,1339103,0,0
28,1985,,0,37.35584,20210.333,.03855099,1345616,0,0
28,1986,,0,52.59817,20549.81,.04026928,1348259,0,0
28,1987,,0,42.43136,21050.988,.04359762,1346570,0,0
28,1988,,0,43.12975,21791.101,.04465517,1343926,0,0
28,1989,,0,53.35342,22672.615,.04450036,1341989,0,0
28,1990,,0,34.56969,22626.923,.0445544,1344695,0,0
28,1991,,0,47.00539,22791.081,.04471519,1354398,0,0
28,1992,,0,47.81875,23750.425,.04444881,1366617,0,0
28,1993,,0,35.74511,24398.53,.0430864,1380859,0,0
28,1994,,0,33.32954,25530.544,.03982308,1397479,0,0
28,1995,,0,35.04684,25993.479,.03636226,1413989,0,0
28,1996,,0,42.925,26609.07,.0325258,1426347,0,0
29,1964,1973,0,55.68684,16913.994,.01134201,2298065,0,9
29,1965,1973,0,52.67067,18003.32,.01129968,2319757,0,8
29,1966,1973,0,54.39977,18488.085,.01110856,2341437,0,7
29,1967,1973,0,56.19435,19069.962,.01112236,2363107,0,6
29,1968,1973,0,55.38645,20188.721,.01179699,2384789,0,5
29,1969,1973,0,45.62207,20130.835,.01311993,2406644,0,4
29,1970,1973,0,51.33677,20772.129,.01713147,2425361,0,3
29,1971,1973,0,48.94546,21305.42,.02263399,2444137,0,2
29,1972,1973,0,58.23774,22350.673,.02611882,2459347,0,1
29,1973,1973,1,56.38782,23250.558,.02896215,2471720,1,0
29,1974,1973,1,59.34887,22577.083,.03198705,2478417,2,0
29,1975,1973,1,60.88064,22788.797,.03455221,2484699,3,0
29,1976,1973,1,67.49838,23465.513,.03553672,2498582,4,0
29,1977,1973,1,62.46088,24334.22,.03354086,2511730,5,0
29,1978,1973,1,48.40113,25241.333,.02717331,2526585,6,0
29,1979,1973,1,48.73799,25599.491,.02539531,2536627,7,0
29,1980,1973,1,50.8474,24828.647,.02730659,2554167,8,0
29,1981,1973,1,51.78839,25272.177,.02831243,2558847,9,0
29,1982,1973,1,48.79376,25481.683,.02464939,2558441,10,0
29,1983,1973,1,54.8035,25999.662,.025679,2568363,11,0
29,1984,1973,1,53.75436,27507.873,.02627834,2584388,12,0
29,1985,1973,1,48.89827,28324.979,.02544384,2596450,13,0
29,1986,1973,1,48.4717,29192.683,.0255955,2607486,14,0
29,1987,1973,1,49.53922,29549.859,.02566652,2624320,15,0
29,1988,1973,1,49.39192,30086.08,.02577392,2636237,16,0
29,1989,1973,1,46.47008,30782.49,.02590625,2642059,17,0
29,1990,1973,1,40.1958,30457.616,.02705924,2658349,18,0
29,1991,1973,1,42.85459,30491.659,.02974023,2678031,19,0
29,1992,1973,1,35.247,31454.002,.0320122,2698435,20,0
29,1993,1973,1,36.74633,31784.107,.03325927,2724383,21,0
29,1994,1973,1,36.14441,32645.94,.03349849,2750082,22,0
29,1995,1973,1,38.31704,33160.947,.03161782,2775178,23,0
29,1996,1973,1,42.6937,33873.639,.02881738,2799682,24,0
30,1964,1975,0,40.69654,15757.978,.00529404,336101.4,0,11
30,1965,1975,0,86.23854,16681.042,.00557804,337394.7,0,10
30,1966,1975,0,70.11565,17340.294,.00615672,338695,0,9
30,1967,1975,0,73.16901,17352.704,.00705911,339986,0,8
30,1968,1975,0,85.77525,17535.049,.00788673,341290.4,0,7
30,1969,1975,0,69.14794,18758.907,.00928977,342671,0,6
30,1970,1975,0,56.06966,19748.3,.01289313,349023,0,5
30,1971,1975,0,80.1916,19859.099,.01630205,355400,0,4
30,1972,1975,0,49.4296,22080.678,.01818878,359063,0,3
30,1973,1975,0,65.30934,23790.839,.01874568,363048,0,2
30,1974,1975,0,69.92993,23207.024,.01963428,368242,0,1
30,1975,1975,1,73.48292,23246.434,.01872021,374426,1,0
30,1976,1975,1,78.07446,23285.715,.01691078,379260,2,0
30,1977,1975,1,57.47251,23275.461,.01662779,385815,3,0
30,1978,1975,1,58.97408,25144.462,.01619702,392284,4,0
30,1979,1975,1,42.97889,24499.927,.01609253,395028,5,0
30,1980,1975,1,56.48552,24237.173,.01791442,395138,6,0
30,1981,1975,1,65.29345,24928.173,.01779,398843,7,0
30,1982,1975,1,60.68982,24510.669,.01430654,403516,8,0
30,1983,1975,1,43.13709,24463.697,.01641534,408962,9,0
30,1984,1975,1,82.42389,24637.779,.01776623,412801,10,0
30,1985,1975,1,41.022,24144.583,.01972467,413974,11,0
30,1986,1975,1,60.32034,24933.21,.02194758,410030,12,0
30,1987,1975,1,66.8092,25044.317,.02348676,405945,13,0
30,1988,1975,1,40.60251,24953.935,.02352796,403782,14,0
30,1989,1975,1,60.63896,26392.397,.02344509,403432,15,0
30,1990,1975,1,77.42441,26433.274,.02406082,403713,16,0
30,1991,1975,1,71.50189,26893.673,.02532844,408092,17,0
30,1992,1975,1,64.65449,27368.941,.02671217,415959,18,0
30,1993,1975,1,63.70704,28237.591,.02786309,424896,19,0
30,1994,1975,1,44.20842,27859.442,.02738074,433069,20,0
30,1995,1975,1,60.67727,28188.151,.02587599,440566,21,0
30,1996,1975,1,46.13157,28421.57,.02354239,445250,22,0
31,1964,1972,0,42.31694,16067.971,.00503379,730330.7,0,8
31,1965,1972,0,47.57838,17520.18,.00570899,735141.8,0,7
31,1966,1972,0,56.43517,18451.06,.00636064,739941.3,0,6
31,1967,1972,0,45.58304,18577.601,.0071614,744732.9,0,5
31,1968,1972,0,59.62539,18957.279,.00821622,749533.6,0,4
31,1969,1972,0,48.77189,20235.942,.00929946,754524,0,3
31,1970,1972,0,51.74531,20608.527,.01170646,761688,0,2
31,1971,1972,0,57.44544,21447.018,.01480077,768890,0,1
31,1972,1972,1,42.1521,22841.573,.01548563,775434,1,0
31,1973,1972,1,38.88602,24876.019,.01518313,780614,2,0
31,1974,1972,1,38.35526,23433.803,.01495837,785647,3,0
31,1975,1972,1,51.29189,24681.399,.01514426,788016,4,0
31,1976,1972,1,29.32169,24265.432,.01462296,792156,5,0
31,1977,1972,1,49.07348,24623.914,.01462152,795158,6,0
31,1978,1972,1,29.44715,26565.235,.01536996,798793,7,0
31,1979,1972,1,30.64576,26094.736,.01533103,800952,8,0
31,1980,1972,1,31.82825,24894.956,.01605115,805477,9,0
31,1981,1972,1,46.96396,26279.963,.01740494,808736,10,0
31,1982,1972,1,44.24135,26624.052,.01613692,810765,11,0
31,1983,1972,1,33.52556,26429.119,.01791037,812374,12,0
31,1984,1972,1,29.00472,28107.563,.01824046,814421,13,0
31,1985,1972,1,27.54753,28707.419,.01912163,812505,14,0
31,1986,1972,1,53.14304,29236.657,.02011154,807281,15,0
31,1987,1972,1,34.18499,29700.623,.01947938,803375,16,0
31,1988,1972,1,43.16877,30513.137,.0179886,805825,17,0
31,1989,1972,1,42.04466,30930.852,.01759258,807239,18,0
31,1990,1972,1,50.25877,31436.879,.01826644,810375,19,0
31,1991,1972,1,36.93204,31219.803,.01934497,816612,20,0
31,1992,1972,1,51.67066,32071.25,.02022442,823872,21,0
31,1993,1972,1,30.20803,32042.235,.02004429,830465,22,0
31,1994,1972,1,26.73744,33074.948,.0188743,836583,23,0
31,1995,1972,1,35.45661,33760.854,.017821,844935,24,0
31,1996,1972,1,32.39142,35448.649,.01688715,852369,25,0
32,1964,1973,0,143.2971,21609.096,.0066208,179535.3,0,9
32,1965,1973,0,142.8835,21843.011,.00681325,189985.1,0,8
32,1966,1973,0,158.8462,22246.177,.00687919,200435.3,0,7
32,1967,1973,0,115.8852,22822.709,.00853559,210881.8,0,6
32,1968,1973,0,137.4887,24813.858,.0100528,221331.4,0,5
32,1969,1973,0,118.7475,26011.318,.01211549,231797,0,4
32,1970,1973,0,131.2312,27115.65,.01704333,243986,0,3
32,1971,1973,0,171.7198,27535.726,.01884746,256184,0,2
32,1972,1973,0,111.3682,28388.742,.01719684,269158,0,1
32,1973,1973,1,136.9491,29073.587,.01625807,280025,1,0
32,1974,1973,1,160.8408,27944.18,.01554925,293787,2,0
32,1975,1973,1,185.9709,28020.602,.01641793,305276,3,0
32,1976,1973,1,101.7938,28892.487,.01578929,318660,4,0
32,1977,1973,1,137.0849,29997.031,.01229132,334118,5,0
32,1978,1973,1,99.19694,31993.236,.01025579,355011,6,0
32,1979,1973,1,99.13252,31860.812,.00992187,377936,7,0
32,1980,1973,1,131.5375,31305.685,.01129487,400034,8,0
32,1981,1973,1,102.0118,31096.018,.01261762,417934,9,0
32,1982,1973,1,122.3427,30165.396,.01072377,434339,10,0
32,1983,1973,1,97.61316,30037.87,.01036801,443833,11,0
32,1984,1973,1,109.2245,30693.593,.00997005,455489,12,0
32,1985,1973,1,66.71427,31459.768,.01040683,467986,13,0
32,1986,1973,1,95.75856,32430.763,.01166933,482190,14,0
32,1987,1973,1,116.556,32866.68,.011357,502913,15,0
32,1988,1973,1,86.25291,34323.083,.01226238,528330,16,0
32,1989,1973,1,65.66434,35013.496,.01364704,557850,17,0
32,1990,1973,1,76.89261,34870.258,.0138989,599136,18,0
32,1991,1973,1,93.92089,34842.444,.016227,636311,19,0
32,1992,1973,1,79.8428,36173.946,.01831899,663824,20,0
32,1993,1973,1,76.68543,36527.396,.01920417,693838,21,0
32,1994,1973,1,91.97893,37305.269,.01976265,736579,22,0
32,1995,1973,1,81.87661,37894.378,.02025206,777024,23,0
32,1996,1973,1,61.32864,38742.911,.01725677,818872,24,0
33,1964,1971,0,86.54344,16997.95,.00313061,335930.8,0,7
33,1965,1971,0,65.7383,17704.536,.0032762,342724.8,0,6
33,1966,1971,0,48.38848,18704.068,.00348299,349508.3,0,5
33,1967,1971,0,67.05493,19424.221,.00383582,356291,0,4
33,1968,1971,0,73.9812,20333.257,.00422319,363075,0,3
33,1969,1971,0,62.8425,21303.612,.00522701,369874,0,2
33,1970,1971,0,45.19464,21157.385,.00750964,379512,0,1
33,1971,1971,1,58.1693,21421.732,.01189066,389157,1,0
33,1972,1971,1,43.29911,22414.49,.01553656,398812,2,0
33,1973,1971,1,46.13013,23125.877,.01761381,409054,3,0
33,1974,1971,1,67.96702,22732.468,.01844208,417040,4,0
33,1975,1971,1,57.03236,22497.926,.0204577,423948,5,0
33,1976,1971,1,62.43452,23575.594,.01979337,432986,6,0
33,1977,1971,1,75.46986,24341.118,.01875908,445984,7,0
33,1978,1971,1,70.63362,25628.816,.0164705,457601,8,0
33,1979,1971,1,36.00994,26212.652,.01640231,467165,9,0
33,1980,1971,1,43.85471,26608.374,.01749618,474232,10,0
33,1981,1971,1,49.32176,27166.621,.01751347,480316,11,0
33,1982,1971,1,42.24149,27882.943,.01484463,485911,12,0
33,1983,1971,1,31.68085,29071.592,.01401447,490820,13,0
33,1984,1971,1,45.81746,30977.657,.01177301,499964,14,0
33,1985,1971,1,47.87296,32432.142,.01043086,509945,15,0
33,1986,1971,1,30.26089,34295.657,.00919759,523724,16,0
33,1987,1971,1,66.8734,35682.885,.00789171,538434,17,0
33,1988,1971,1,42.61254,36898.48,.00796962,552400,18,0
33,1989,1971,1,41.29051,37097.718,.00914722,562985,19,0
33,1990,1971,1,43.90615,35246.635,.01191526,567242,20,0
33,1991,1971,1,43.96783,35215.556,.01644945,566944,21,0
33,1992,1971,1,34.93672,35771.532,.01870442,570449,22,0
33,1993,1971,1,57.22672,35706.081,.01936577,576025,23,0
33,1994,1971,1,43.80428,36962.063,.0196874,582458,24,0
33,1995,1971,1,29.92579,37846.505,.01771253,589752,25,0
33,1996,1971,1,47.49636,38464.625,.01542319,598244,26,0
34,1964,1971,0,43.78817,20478.913,.00754146,3349162,0,7
34,1965,1971,0,47.22462,21321.728,.00808118,3412754,0,6
34,1966,1971,0,37.65028,22147.443,.00848844,3476347,0,5
34,1967,1971,0,38.19849,22966.815,.00940459,3539940,0,4
34,1968,1971,0,41.85955,24010.24,.01109791,3603532,0,3
34,1969,1971,0,42.73947,25375.142,.01529127,3667125,0,2
34,1970,1971,0,31.58332,25949.329,.0234941,3713699,0,1
34,1971,1971,1,38.74358,26483.856,.0278548,3760273,1,0
34,1972,1971,1,40.95457,27730.937,.028683,3789721,2,0
34,1973,1971,1,38.70922,28353.212,.03100128,3793378,3,0
34,1974,1971,1,37.94946,28011.373,.0324361,3797590,4,0
34,1975,1971,1,36.28339,27954.671,.03494682,3805492,5,0
34,1976,1971,1,35.04104,28653.979,.03574214,3808182,6,0
34,1977,1971,1,36.18996,29472.824,.0366181,3811178,7,0
34,1978,1971,1,29.83087,30582.15,.0377216,3822810,8,0
34,1979,1971,1,30.30289,30920.435,.03799626,3832972,9,0
34,1980,1971,1,21.22169,31260.595,.03900777,3837391,10,0
34,1981,1971,1,28.68385,31735.575,.03937557,3851989,11,0
34,1982,1971,1,35.45821,32230.799,.0345943,3862040,12,0
34,1983,1971,1,29.12502,33282.898,.03407625,3880486,13,0
34,1984,1971,1,33.33643,35177.589,.03273513,3902189,14,0
34,1985,1971,1,26.08368,36266.714,.03152048,3925551,15,0
34,1986,1971,1,24.54102,37851.547,.03032676,3951513,16,0
34,1987,1971,1,25.25003,39249.047,.02865543,3973517,17,0
34,1988,1971,1,21.06569,41366.728,.02635288,3991544,18,0
34,1989,1971,1,13.54292,42494.172,.02578736,3995045,19,0
34,1990,1971,1,20.8335,42225.796,.02711209,4010511,20,0
34,1991,1971,1,20.37237,41213.296,.03024647,4037116,21,0
34,1992,1971,1,19.51224,42861.067,.03110654,4069042,22,0
34,1993,1971,1,24.21801,42741.231,.03029626,4103246,23,0
34,1994,1971,1,23.43496,42997.279,.02906909,4135042,24,0
34,1995,1971,1,22.78612,44276.432,.02649113,4167712,25,0
34,1996,1971,1,26.47504,45248.386,.02446292,4201334,26,0
35,1964,1973,0,42.18916,14511.548,.01561867,486287.6,0,9
35,1965,1973,0,52.0935,15066.338,.01467624,490055.1,0,8
35,1966,1973,0,38.47856,15439.649,.01538934,493821.3,0,7
35,1967,1973,0,86.77965,15629.443,.0175347,497584.7,0,6
35,1968,1973,0,42.47021,16390.328,.02057771,501351.4,0,5
35,1969,1973,0,69.81827,17099.316,.02365625,505152,0,4
35,1970,1973,0,86.48492,17938.127,.02861097,519323,0,3
35,1971,1973,0,68.80235,18468.406,.02938325,533504,0,2
35,1972,1973,0,51.93187,19685.087,.02990809,545421,0,1
35,1973,1973,1,77.57327,20248.996,.03125994,558705,1,0
35,1974,1973,1,69.61729,20216.904,.03168787,571896,2,0
35,1975,1973,1,90.7211,20663.497,.03202277,589138,3,0
35,1976,1973,1,101.5356,21194.184,.03032312,605682,4,0
35,1977,1973,1,63.65876,21744.226,.02775576,620760,5,0
35,1978,1973,1,71.84117,22829.247,.02643997,634453,6,0
35,1979,1973,1,82.5849,22996.502,.02668408,649201,7,0
35,1980,1973,1,65.23046,22717.377,.02833106,663921,8,0
35,1981,1973,1,73.85164,23055.532,.02876843,676291,9,0
35,1982,1973,1,74.04001,23192.376,.02583471,691976,10,0
35,1983,1973,1,59.24049,23308.984,.02503718,707348,11,0
35,1984,1973,1,61.70641,24082.277,.02553596,718774,12,0
35,1985,1973,1,75.00545,24793.511,.02461313,729878,13,0
35,1986,1973,1,61.69759,24939.207,.02487589,742275,14,0
35,1987,1973,1,76.79858,24901.284,.02682728,750455,15,0
35,1988,1973,1,93.66344,25157.207,.02714343,756819,16,0
35,1989,1973,1,69.99059,25607.686,.02606821,763986,17,0
35,1990,1973,1,68.63221,25775.89,.02590422,772966,18,0
35,1991,1973,1,61.15388,26058.69,.03232063,789537,19,0
35,1992,1973,1,61.93183,26641.07,.0364193,809637,20,0
35,1993,1973,1,81.87783,27250.448,.03840244,830492,21,0
35,1994,1973,1,68.10165,27732.272,.03997999,853406,22,0
35,1995,1973,1,55.08037,28445.468,.03928132,872673,23,0
35,1996,1973,1,56.80801,28571.64,.03734245,889160,24,0
36,1964,,0,45.41225,21705.969,.01263568,9028069,0,0
36,1965,,0,55.8778,22497.793,.01394555,9120330,0,0
36,1966,,0,42.98239,23295.234,.01540569,9212590,0,0
36,1967,,0,43.19259,24311.799,.01901339,9304846,0,0
36,1968,,0,33.46987,25663.727,.02379278,9397107,0,0
36,1969,,0,40.49684,25640.676,.02761857,9489389,0,0
36,1970,,0,41.64072,26044.323,.03114531,9535947,0,0
36,1971,,0,43.75821,26544.541,.03557954,9582519,0,0
36,1972,,0,37.54642,27583.667,.03720236,9572505,0,0
36,1973,,0,40.45458,27826.785,.03682893,9495263,0,0
36,1974,,0,35.24111,27436.027,.03602367,9441247,0,0
36,1975,,0,41.62616,27403.955,.03805763,9429633,0,0
36,1976,,0,46.13584,27527.487,.03965976,9404367,0,0
36,1977,,0,45.93504,28120.923,.03997989,9349900,0,0
36,1978,,0,50.09902,28906.283,.04012592,9290247,0,0
36,1979,,0,43.37894,29004.305,.03911007,9251805,0,0
36,1980,,0,44.06146,29159.934,.03951498,9221361,0,0
36,1981,,0,38.59402,29673.974,.03983732,9218843,0,0
36,1982,,0,26.74274,30318.473,.03823481,9226051,0,0
36,1983,,0,27.86189,31194.774,.03923231,9268831,0,0
36,1984,,0,31.72951,33079.727,.03998235,9293221,0,0
36,1985,,0,24.42587,34167.362,.0400801,9308496,0,0
36,1986,,0,26.34545,35742.798,.03926897,9322377,0,0
36,1987,,0,27.21304,36827.149,.03768434,9332210,0,0
36,1988,,0,24.08726,38865.926,.03624908,9357762,0,0
36,1989,,0,30.1132,40177.576,.03604733,9368468,0,0
36,1990,,0,32.00003,40849.72,.03733294,9379488,0,0
36,1991,,0,29.43527,39224.459,.04028677,9425679,0,0
36,1992,,0,27.36169,40177.241,.04249959,9481706,0,0
36,1993,,0,23.16052,39981.612,.04617701,9540088,0,0
36,1994,,0,28.18543,40225.584,.04792948,9579843,0,0
36,1995,,0,23.67574,41296.345,.0470029,9608626,0,0
36,1996,,0,22.84657,42172.673,.04384294,9637978,0,0
37,1964,,1,38.06608,13290.95,.01117603,2418993,0,0
37,1965,,1,38.47362,13972.916,.01090437,2446473,0,0
37,1966,,1,41.30272,14958.317,.01063904,2473954,0,0
37,1967,,1,43.10812,15545.381,.01037074,2501430,0,0
37,1968,,1,38.29805,16315.169,.01036677,2528913,0,0
37,1969,,1,50.05785,17386.978,.01132124,2556405,0,0
37,1970,,1,44.53199,17869.52,.01362982,2606417,0,0
37,1971,,1,54.58437,18276.237,.01623855,2656436,0,0
37,1972,,1,55.27262,19689.996,.0172455,2707450,0,0
37,1973,,1,52.65319,20641.508,.01680235,2756469,0,0
37,1974,,1,55.30616,20393.288,.01796742,2798542,0,0
37,1975,,1,60.49608,20194.225,.02243864,2838459,0,0
37,1976,,1,54.04057,20948.337,.02394719,2871610,0,0
37,1977,,1,56.00277,21288.994,.02469623,2912897,0,0
37,1978,,1,54.11819,22212.502,.02488297,2950478,0,0
37,1979,,1,52.45283,22168.145,.02489359,2985119,0,0
37,1980,,1,48.82411,21990.633,.02593142,3033942,0,0
37,1981,,1,59.01591,22396.594,.02566133,3066676,0,0
37,1982,,1,50.31203,22392.717,.02184948,3100844,0,0
37,1983,,1,51.59526,23179.709,.0223767,3128745,0,0
37,1984,,1,49.91222,24816.634,.02081666,3173140,0,0
37,1985,,1,48.59719,25601.111,.01990722,3218690,0,0
37,1986,,1,46.49467,26804.1,.02062544,3255963,0,0
37,1987,,1,45.06059,27562.859,.02046773,3298912,0,0
37,1988,,1,38.637,28769.476,.0217518,3339693,0,0
37,1989,,1,44.03832,29670.667,.02328839,3382565,0,0
37,1990,,1,48.54086,29556.695,.02629096,3432492,0,0
37,1991,,1,43.53336,29278.633,.03164643,3492395,0,0
37,1992,,1,36.80677,30621.919,.0350756,3547167,0,0
37,1993,,1,34.66289,31217.791,.0362719,3621635,0,0
37,1994,,1,37.68394,31899.774,.03534722,3695086,0,0
37,1995,,1,44.01266,32665.762,.03249254,3773228,0,0
37,1996,,1,41.19907,33359.32,.02861512,3850316,0,0
38,1964,1971,0,13.98165,14343.635,.005968,306747.2,0,7
38,1965,1971,0,28.09622,16439.472,.00665909,306160.2,0,6
38,1966,1971,0,26.60824,16198.673,.00666146,305563.7,0,5
38,1967,1971,0,30.89579,16301.935,.00737804,304958.9,0,4
38,1968,1971,0,40.32817,16529.082,.00818647,304364,0,3
38,1969,1971,0,39.8649,17763.152,.00888547,303867,0,2
38,1970,1971,0,47.08611,17948.682,.0100688,307054,0,1
38,1971,1971,1,48.74372,19580.96,.0121384,310262,1,0
38,1972,1971,1,23.10614,22483.216,.01378328,311948,2,0
38,1973,1971,1,42.93535,29489.188,.01400891,312450,3,0
38,1974,1971,1,61.79135,26507.914,.01416652,313915,4,0
38,1975,1971,1,55.4517,25515.231,.01437218,316607,5,0
38,1976,1971,1,35.01163,23406.804,.01452339,320070,6,0
38,1977,1971,1,24.66582,22713.319,.01506497,322116,7,0
38,1978,1971,1,31.09244,26652.419,.01493215,322972,8,0
38,1979,1971,1,33.25519,24921.475,.0145522,323966,9,0
38,1980,1971,1,39.50945,21393.854,.01485098,325231,10,0
38,1981,1971,1,21.18068,25393.305,.01466939,328121,11,0
38,1982,1971,1,26.7468,25566.218,.0114836,332924,12,0
38,1983,1971,1,26.85275,25535.147,.01214193,337014,13,0
38,1984,1971,1,30.98082,26255.889,.01240781,339054,14,0
38,1985,1971,1,30.45004,26386.333,.01344561,337669,15,0
38,1986,1971,1,41.64537,26598.222,.01473347,334567,16,0
38,1987,1971,1,44.21879,26778.11,.01540899,330570,17,0
38,1988,1971,1,46.88394,24099.821,.01608346,328272,18,0
38,1989,1971,1,17.07073,26274.422,.01708194,323963,19,0
38,1990,1971,1,20.46579,27467.034,.01742257,319949,20,0
38,1991,1971,1,46.88311,26898.604,.01860655,318799,21,0
38,1992,1971,1,32.34649,28649.932,.02031491,319839,22,0
38,1993,1971,1,52.066,28195.352,.01987347,321249,23,0
38,1994,1971,1,10.07192,29793.04,.01761143,322972,24,0
38,1995,1971,1,38.59789,29022.935,.0157886,324253,25,0
38,1996,1971,1,38.8073,31495.826,.01468561,325500,26,0
39,1964,1974,0,53.74824,17979.595,.00778062,5176987,0,10
39,1965,1974,0,63.74129,18918.743,.00871224,5235707,0,9
39,1966,1974,0,58.49371,19796.321,.00853739,5294424,0,8
39,1967,1974,0,60.86824,20012.652,.00912705,5353135,0,7
39,1968,1974,0,59.42962,21044.371,.01054784,5411853,0,6
39,1969,1974,0,63.60245,21901.065,.01146579,5470621,0,5
39,1970,1974,0,68.12854,21827.623,.01418809,5499330,0,4
39,1971,1974,0,68.18431,22114.551,.01931511,5528059,0,3
39,1972,1974,0,73.45947,23263.747,.02349731,5531640,0,2
39,1973,1974,0,70.51246,24215.675,.02543411,5543874,0,1
39,1974,1974,1,67.86595,24122.538,.02764684,5546619,1,0
39,1975,1974,1,67.51173,23808.786,.03198491,5553426,2,0
39,1976,1974,1,64.81723,24727.771,.0341498,5546231,3,0
39,1977,1974,1,59.07242,25696.468,.03291098,5558834,4,0
39,1978,1974,1,55.89197,26545.861,.03069746,5574082,5,0
39,1979,1974,1,64.83982,26760.96,.02988851,5577980,6,0
39,1980,1974,1,51.9884,26276.83,.03348961,5583756,7,0
39,1981,1974,1,52.81025,26122.496,.03714962,5579488,8,0
39,1982,1974,1,59.43426,25840.387,.03535082,5566775,9,0
39,1983,1974,1,45.69132,26319.563,.03905473,5558612,10,0
39,1984,1974,1,47.0765,27911.875,.04058274,5559513,11,0
39,1985,1974,1,45.66558,28672.837,.04044839,5559269,12,0
39,1986,1974,1,49.30313,29510.495,.04095146,5558259,13,0
39,1987,1974,1,42.08746,29818.529,.04062969,5575746,14,0
39,1988,1974,1,41.61286,30736.922,.04022898,5595541,15,0
39,1989,1974,1,42.37516,31608.314,.03957338,5611695,16,0
39,1990,1974,1,38.18648,31784.304,.04047914,5629383,17,0
39,1991,1974,1,38.11377,31099.815,.04349255,5667417,18,0
39,1992,1974,1,37.31802,32106.521,.0461782,5704683,19,0
39,1993,1974,1,33.27542,32434.901,.04472946,5737019,20,0
39,1994,1974,1,29.21314,33361.464,.04279168,5759942,21,0
39,1995,1974,1,28.22948,33949.353,.03833586,5781447,22,0
39,1996,1974,1,28.27514,34519.087,.03503368,5797764,23,0
40,1964,,1,35.16498,14569.671,.01511364,1231321,0,0
40,1965,,1,36.43027,15403.264,.01504233,1244062,0,0
40,1966,,1,40.33589,15945.665,.01573019,1256792,0,0
40,1967,,1,43.7315,16704.23,.01747377,1269522,0,0
40,1968,,1,43.91222,17511.923,.01807367,1282252,0,0
40,1969,,1,47.06995,18415.925,.01866122,1295021,0,0
40,1970,,1,49.69866,19130.835,.02077589,1318435,0,0
40,1971,,1,60.40593,19580.96,.02313627,1341865,0,0
40,1972,,1,58.24596,20544.162,.02284737,1361065,0,0
40,1973,,1,84.29429,21611.243,.02020897,1380237,0,0
40,1974,,1,75.68723,21569.177,.02046108,1399405,0,0
40,1975,,1,71.34362,21954.966,.02086449,1419549,0,0
40,1976,,1,68.31727,22434.425,.01937142,1443609,0,0
40,1977,,1,78.51893,23092.679,.0195961,1466465,0,0
40,1978,,1,64.60329,24146.691,.01913676,1491662,0,0
40,1979,,1,53.67728,25095.401,.01899344,1520073,0,0
40,1980,,1,60.41559,25404.207,.01972318,1556198,0,0
40,1981,,1,77.5488,26616.699,.01886626,1585644,0,0
40,1982,,1,51.73091,27069.576,.01411378,1641870,0,0
40,1983,,1,56.80482,25879.151,.01539297,1684660,0,0
40,1984,,1,50.84451,26691.453,.01624132,1682109,0,0
40,1985,,1,53.46184,26996.61,.01709131,1675267,0,0
40,1986,,1,51.84383,26802.102,.0184864,1666473,0,0
40,1987,,1,56.74568,26157.656,.02077327,1645099,0,0
40,1988,,1,46.3031,26682.677,.02196713,1624275,0,0
40,1989,,1,46.39525,27416.633,.02234686,1616670,0,0
40,1990,,1,41.24343,27550.484,.02499269,1615926,0,0
40,1991,,1,42.43188,27143.51,.02669141,1628770,0,0
40,1992,,1,48.93288,27811.436,.02892102,1648896,0,0
40,1993,,1,52.26389,27941.917,.02884571,1663653,0,0
40,1994,,1,44.34532,28342.076,.02790045,1677174,0,0
40,1995,,1,51.19782,28639.952,.02588233,1689090,0,0
40,1996,,1,58.28971,29249.142,.02164995,1703861,0,0
41,1964,1973,0,59.84849,17760.016,.00789186,960831.3,0,9
41,1965,1973,0,72.8382,18518.245,.00846784,978879.8,0,8
41,1966,1973,0,66.07183,19061.981,.00888449,996915.3,0,7
41,1967,1973,0,64.32919,19574.331,.00978705,1014946,0,6
41,1968,1973,0,73.49909,20269.661,.01069718,1032982,0,5
41,1969,1973,0,83.21689,20877.651,.01464413,1051047,0,4
41,1970,1973,0,60.26754,21284.044,.02200834,1073078,0,3
41,1971,1973,0,84.21599,21897.097,.02401371,1095121,0,2
41,1972,1973,0,84.21942,23327.564,.0234018,1116588,0,1
41,1973,1973,1,88.24606,24234.146,.02261681,1137819,1,0
41,1974,1973,1,75.75548,24529.9,.02655391,1158599,2,0
41,1975,1973,1,70.79038,24665.886,.03052643,1180297,3,0
41,1976,1973,1,81.10616,25799.222,.03352839,1204243,4,0
41,1977,1973,1,71.21211,26386.213,.03480836,1238230,5,0
41,1978,1973,1,63.98328,27553.319,.03481033,1273731,6,0
41,1979,1973,1,60.2944,27692.494,.03092756,1308469,7,0
41,1980,1973,1,52.7533,26931.96,.02867296,1341005,8,0
41,1981,1973,1,66.17743,26304.188,.02463311,1354363,9,0
41,1982,1973,1,55.18724,25458.836,.02075414,1353288,10,0
41,1983,1973,1,57.21429,26028.146,.02042569,1347845,11,0
41,1984,1973,1,54.79504,26994.455,.01999593,1355334,12,0
41,1985,1973,1,63.25202,27315.988,.02095869,1358764,13,0
41,1986,1973,1,56.49135,28193.276,.02226432,1364534,14,0
41,1987,1973,1,48.13771,28517.701,.02196424,1373957,15,0
41,1988,1973,1,63.69347,29528.481,.02242832,1394357,16,0
41,1989,1973,1,59.67118,30619.828,.02256185,1419461,17,0
41,1990,1973,1,54.15262,30750.544,.02303761,1453916,18,0
41,1991,1973,1,63.85075,30496.59,.02640767,1487469,19,0
41,1992,1973,1,58.72083,31154.195,.02735767,1518072,20,0
41,1993,1973,1,49.28242,31845.119,.02758263,1551529,21,0
41,1994,1973,1,63.41149,32774.643,.02631128,1581153,22,0
41,1995,1973,1,48.87907,33762.35,.02371451,1611981,23,0
41,1996,1973,1,49.64779,34782.803,.0189796,1642584,24,0
42,1964,1980,0,49.97887,17411.274,.01197938,5942530,0,16
42,1965,1980,0,48.41686,18219.461,.01106806,5975801,0,15
42,1966,1980,0,46.85873,18994.101,.00967223,6009077,0,14
42,1967,1980,0,49.96896,19748.458,.01043744,6042348,0,13
42,1968,1980,0,52.19799,20541.388,.0121853,6075625,0,12
42,1969,1980,0,46.85015,21375.528,.01528356,6108960,0,11
42,1970,1980,0,58.12574,21811.791,.02030551,6139549,0,10
42,1971,1980,0,55.6337,22038.695,.02591814,6170150,0,9
42,1972,1980,0,57.46715,23307.928,.02815322,6177657,0,8
42,1973,1980,0,49.93908,24054.053,.02745665,6169497,0,7
42,1974,1980,0,51.94342,24072.143,.02822788,6163042,0,6
42,1975,1980,0,52.97304,24219.884,.03053929,6185316,0,5
42,1976,1980,0,54.40223,25021.319,.03202863,6181751,0,4
42,1977,1980,0,53.01504,25820.622,.03349835,6182177,0,3
42,1978,1980,0,50.42008,26694.397,.03395433,6176907,0,2
42,1979,1980,0,49.41055,26946.677,.03452052,6183585,0,1
42,1980,1980,1,41.89873,26581.85,.03499742,6185532,1,0
42,1981,1980,1,40.80751,26812.927,.03554862,6181293,2,0
42,1982,1980,1,42.96642,27028.451,.03227148,6175328,3,0
42,1983,1980,1,45.66816,27196.006,.03120599,6172168,4,0
42,1984,1980,1,44.91115,28254.855,.03092252,6161124,5,0
42,1985,1980,1,43.17255,29110.202,.03042172,6138200,6,0
42,1986,1980,1,39.13891,30080.157,.03108827,6143501,7,0
42,1987,1980,1,40.32071,30748.244,.02997139,6155153,8,0
42,1988,1980,1,37.39395,32033.012,.02885582,6170771,9,0
42,1989,1980,1,38.22409,33199.186,.02817955,6181747,10,0
42,1990,1980,1,37.74924,33357.936,.02910916,6197771,11,0
42,1991,1980,1,38.08835,33297.398,.03110077,6234206,12,0
42,1992,1980,1,36.50678,34099.351,.03224349,6264075,13,0
42,1993,1980,1,36.32836,34327.837,.03278439,6296080,14,0
42,1994,1980,1,30.35415,34634.697,.03336976,6315789,15,0
42,1995,1980,1,35.49025,35273.338,.03174177,6328690,16,0
42,1996,1980,1,33.10724,36060.586,.02924092,6337643,17,0
44,1964,1976,0,55.36608,18380.002,.0127796,455934.9,0,12
44,1965,1976,0,45.32948,19363.74,.01296427,460509.2,0,11
44,1966,1976,0,43.57858,20401.071,.01344367,465082.7,0,10
44,1967,1976,0,39.96621,21285.584,.01520616,469656.1,0,9
44,1968,1976,0,42.93347,22073.464,.01701005,474229.6,0,8
44,1969,1976,0,35.50452,22188.728,.01954523,478804,0,7
44,1970,1976,0,48.6089,22682.574,.02267254,485536,0,6
44,1971,1976,0,56.00636,22691.056,.02634964,492268,0,5
44,1972,1976,0,57.4815,23676.103,.02806922,499533,0,4
44,1973,1976,0,28.45438,23726.19,.0282028,501602,0,3
44,1974,1976,0,69.01405,23181.826,.03020222,493184,0,2
44,1975,1976,0,62.88452,23362.783,.03319793,493959,0,1
44,1976,1976,1,70.0143,24026.924,.03432063,495965,1,0
44,1977,1976,1,95.59944,24579.08,.0346208,499016,2,0
44,1978,1976,1,66.51307,25202.584,.03427775,500682,3,0
44,1979,1976,1,58.21753,25584.751,.03409014,500257,4,0
44,1980,1976,1,54.07957,26088.513,.0372183,496868,5,0
44,1981,1976,1,47.77193,26437.429,.0381625,498668,6,0
44,1982,1976,1,50.00786,26738.289,.0332553,499364,7,0
44,1983,1976,1,42.15683,27601.36,.03196089,500458,8,0
44,1984,1976,1,42.12187,29046.025,.03127025,503098,9,0
44,1985,1976,1,46.79505,29982.898,.0313116,506109,10,0
44,1986,1976,1,35.41676,31385.383,.03143801,510054,11,0
44,1987,1976,1,48.85404,32184.373,.03021737,515934,12,0
44,1988,1976,1,32.5462,33998.594,.02895493,519169,13,0
44,1989,1976,1,43.06563,35354.908,.02925826,521058,14,0
44,1990,1976,1,36.35902,34369.557,.03312486,523245,15,0
44,1991,1976,1,31.00548,33220.145,.03832663,525381,16,0
44,1992,1976,1,23.01367,33857.261,.04079361,526312,17,0
44,1993,1976,1,21.44235,34366.947,.04241435,527628,18,0
44,1994,1976,1,33.35849,34473.819,.04296545,528186,19,0
44,1995,1976,1,29.71199,35448.373,.0413884,528878,20,0
44,1996,1976,1,29.489,35627.859,.03936699,531035,21,0
45,1964,1969,0,33.25991,11960.564,.00615003,1246240,0,5
45,1965,1969,0,41.80338,12911.279,.00570858,1256107,0,4
45,1966,1969,0,31.65771,13933.944,.0052723,1265973,0,3
45,1967,1969,0,42.94368,14542.647,.00515347,1275839,0,2
45,1968,1969,0,42.63845,15372.798,.00626764,1285705,0,1
45,1969,1969,1,53.69594,16346.968,.0084969,1295571,1,0
45,1970,1969,1,48.68653,16988.182,.01178592,1325734,2,0
45,1971,1969,1,50.9438,17406.422,.01563086,1355897,3,0
45,1972,1969,1,49.11342,18570.744,.01901526,1385856,4,0
45,1973,1969,1,60.51414,19380.852,.02225758,1417023,5,0
45,1974,1969,1,52.5027,19477.774,.02560882,1452452,6,0
45,1975,1969,1,56.17335,19193.628,.02959417,1482381,7,0
45,1976,1969,1,41.67083,19990.636,.03004436,1503832,8,0
45,1977,1969,1,51.09486,20202.645,.0313194,1530021,9,0
45,1978,1969,1,51.82302,21004.845,.03222254,1558958,10,0
45,1979,1969,1,36.97046,21168.809,.0331346,1582950,11,0
45,1980,1969,1,38.28101,21001.306,.03498235,1608566,12,0
45,1981,1969,1,43.48167,21282.215,.03543714,1630695,13,0
45,1982,1969,1,50.24182,21152.104,.03064382,1647257,14,0
45,1983,1969,1,52.47124,21867.236,.02955684,1662906,15,0
45,1984,1969,1,47.40501,23124.878,.02712808,1681517,16,0
45,1985,1969,1,48.79815,23725.527,.02566176,1703738,17,0
45,1986,1969,1,44.4561,24611.401,.02696238,1720471,18,0
45,1987,1969,1,43.75733,25227.941,.02569127,1740497,19,0
45,1988,1969,1,37.20761,26208.998,.02246714,1759310,20,0
45,1989,1969,1,40.50443,26984.058,.02105848,1781313,21,0
45,1990,1969,1,40.23143,27254.151,.02196841,1805752,22,0
45,1991,1969,1,33.90178,26901.891,.02514962,1841350,23,0
45,1992,1969,1,35.96618,27577.363,.02709316,1865729,24,0
45,1993,1969,1,49.04053,27952.868,.02828105,1890553,25,0
45,1994,1969,1,38.68061,28712.861,.026865,1913704,26,0
45,1995,1969,1,40.60276,29332.612,.02491395,1936922,27,0
45,1996,1969,1,49.6673,29990.751,.02246324,1960492,28,0
46,1964,1985,0,18.18951,13290.95,.00835014,335263.7,0,21
46,1965,1985,0,18.75721,14913.767,.00917257,335047.9,0,20
46,1966,1985,0,56.72873,15859.272,.00974301,334829.7,0,19
46,1967,1985,0,39.69502,15953.68,.0105348,334605.2,0,18
46,1968,1985,0,32.88007,16505.956,.01108987,334389.2,0,17
46,1969,1985,0,41.95131,17226.551,.01214132,334258,0,16
46,1970,1985,0,54.11855,17911.739,.0146248,336187,0,15
46,1971,1985,0,64.05499,18665.631,.01660678,338135,0,14
46,1972,1985,0,62.41838,20730.704,.01813456,341011,0,13
46,1973,1985,0,29.51616,24552.774,.01902643,341871,0,12
46,1974,1985,0,38.69047,22367.103,.02126156,342743,0,11
46,1975,1985,0,38.14905,22769.405,.02361112,343994,0,10
46,1976,1985,0,39.75682,21117.127,.02377906,346986,0,9
46,1977,1985,0,30.32931,22444.318,.02251795,348570,0,8
46,1978,1985,0,42.76188,24188.669,.02110753,348825,0,7
46,1979,1985,0,29.50453,24296.522,.02098723,348982,0,6
46,1980,1985,0,38.08937,21948.195,.02103589,350100,0,5
46,1981,1985,0,26.30698,23343.817,.01912446,349840,0,4
46,1982,1985,0,42.13853,23263.202,.01658117,350483,0,3
46,1983,1985,0,31.49511,23157.798,.01702682,351886,0,2
46,1984,1985,0,32.15324,25014.426,.01631108,354059,0,1
46,1985,1985,1,31.52817,24805.717,.01669715,354791,1,0
46,1986,1985,1,39.32836,25540.85,.01775332,353807,2,0
46,1987,1985,1,51.98283,25997.227,.01868261,353680,3,0
46,1988,1985,1,21.23199,26059.808,.01836513,354712,4,0
46,1989,1985,1,41.35651,26946.521,.01874417,353870,5,0
46,1990,1985,1,48.97697,28092.059,.01909377,353872,6,0
46,1991,1985,1,35.74189,27996.573,.01990104,356736,7,0
46,1992,1985,1,45.39941,29203.05,.0200363,360870,8,0
46,1993,1985,1,43.10654,29414.027,.01959892,365424,9,0
46,1994,1985,1,39.42562,30655.652,.01837645,369667,10,0
46,1995,1985,1,36.46307,30248.181,.01655224,373162,11,0
46,1996,1985,1,46.43113,32367.108,.01554217,375280,12,0
47,1964,,0,46.85234,13064.914,.01011477,1904311,0,0
47,1965,,0,51.04266,13909.345,.01010322,1923801,0,0
47,1966,,0,53.09838,14779.361,.01058679,1943294,0,0
47,1967,,0,48.24519,15239.157,.01153979,1962774,0,0
47,1968,,0,42.75832,16268.918,.01291448,1982270,0,0
47,1969,,0,48.27009,16772.93,.01486565,2001819,0,0
47,1970,,0,52.82602,17215.113,.01977645,2035670,0,0
47,1971,,0,53.32158,17886.843,.02456815,2069543,0,0
47,1972,,0,50.97602,19164.733,.02600634,2108704,0,0
47,1973,,0,56.22388,20212.054,.02705464,2135287,0,0
47,1974,,0,59.24842,20036.321,.02736825,2168477,0,0
47,1975,,0,65.54473,19914.988,.03051294,2199886,0,0
47,1976,,0,48.18663,20735.515,.03068457,2235475,0,0
47,1977,,0,59.589,21240.712,.02762256,2274077,0,0
47,1978,,0,55.10421,22367.495,.02543284,2305946,0,0
47,1979,,0,62.4852,22403.976,.02474988,2344035,0,0
47,1980,,0,53.33817,21897.8,.02630491,2379413,0,0
47,1981,,0,50.03476,22127.69,.02655538,2394126,0,0
47,1982,,0,45.27961,22102.556,.02337282,2404944,0,0
47,1983,,0,51.39671,22561.817,.02439082,2413155,0,0
47,1984,,0,52.42363,23972.86,.02402257,2428029,0,0
47,1985,,0,46.11817,24687.73,.02342406,2443318,0,0
47,1986,,0,49.48887,25842.671,.0246238,2456610,0,0
47,1987,,0,45.37151,26669.869,.02682023,2479705,0,0
47,1988,,0,43.06725,27745.657,.02726673,2499860,0,0
47,1989,,0,40.09354,28365.794,.02851035,2516642,0,0
47,1990,,0,43.89694,28497.388,.0309677,2536829,0,0
47,1991,,0,43.19958,28471.592,.03494775,2573246,0,0
47,1992,,0,37.1345,29903.667,.03744456,2613911,0,0
47,1993,,0,42.19362,30534.144,.04119161,2657123,0,0
47,1994,,0,37.43621,31228.683,.0405976,2703054,0,0
47,1995,,0,37.64284,32145.144,.03722205,2749499,0,0
47,1996,,0,38.32403,32509.893,.03392587,2793097,0,0
48,1964,1974,0,50.20219,15176.741,.00370812,5186889,0,10
48,1965,1974,0,50.70998,15911.832,.00387428,5275017,0,9
48,1966,1974,0,50.02788,16717.03,.00406458,5363126,0,8
48,1967,1974,0,50.29852,17580.871,.00446384,5451209,0,7
48,1968,1974,0,52.99408,18460.076,.00555723,5539326,0,6
48,1969,1974,0,59.56135,19256.784,.00699374,5627648,0,5
48,1970,1974,0,70.66205,19885.514,.01122459,5746312,0,4
48,1971,1974,0,67.68024,20182.751,.01656254,5865048,0,3
48,1972,1974,0,72.04114,21280.512,.01954267,5983842,0,2
48,1973,1974,0,60.50841,22239.262,.01971227,6113484,0,1
48,1974,1974,1,61.17466,22341.905,.01902885,6241219,1,0
48,1975,1974,1,72.02089,22928.415,.01759526,6396667,2,0
48,1976,1974,1,60.0196,23795.755,.01555086,6561519,3,0
48,1977,1974,1,67.22012,24396.298,.01452367,6707524,4,0
48,1978,1974,1,63.23453,25777.352,.01367291,6862318,5,0
48,1979,1974,1,55.94657,26357.099,.01343688,7059810,6,0
48,1980,1974,1,52.37116,26377.619,.01404631,7284806,7,0
48,1981,1974,1,57.63641,27549.386,.01421863,7492247,8,0
48,1982,1974,1,49.13468,27462.551,.01202359,7788619,9,0
48,1983,1974,1,54.73514,27270.503,.01321627,7999837,10,0
48,1984,1974,1,50.40799,28254.855,.0141714,8129414,11,0
48,1985,1974,1,53.04859,28906.777,.01495567,8260271,12,0
48,1986,1974,1,56.70529,28569.053,.01679335,8404379,13,0
48,1987,1974,1,46.55241,28078.938,.01912842,8435221,14,0
48,1988,1974,1,53.36932,28666.907,.02034174,8459211,15,0
48,1989,1974,1,49.48438,29137.993,.02185281,8530368,16,0
48,1990,1974,1,48.40894,29561.804,.02509629,8653956,17,0
48,1991,1974,1,47.17786,29267.127,.02805924,8826427,18,0
48,1992,1974,1,46.88358,30251.57,.03000582,9003058,19,0
48,1993,1974,1,45.51682,30545.095,.03049121,9199451,20,0
48,1994,1974,1,43.3336,30940.635,.03014368,9394218,21,0
48,1995,1974,1,43.25749,31646.967,.0280675,9586139,22,0
48,1996,1974,1,37.44017,32477.839,.02522178,9771852,23,0
49,1964,,1,33.48845,15971.098,.01030829,480608.4,0,0
49,1965,,1,73.81532,16382.258,.01115524,489343.9,0,0
49,1966,,1,41.39481,16673.834,.01137875,498084.7,0,0
49,1967,,1,36.87804,16962.419,.01223308,506822.3,0,0
49,1968,,1,57.08782,17373.169,.0137875,515563.4,0,0
49,1969,,1,54.86168,17873.792,.015861,524347,0,0
49,1970,,1,78.18241,18655.863,.0192072,540162,0,0
49,1971,,1,80.20909,19383.735,.02024385,556000,0,0
49,1972,,1,44.22856,20391.983,.02267981,572238,0,0
49,1973,,1,66.16735,20701.539,.02122205,589116,0,0
49,1974,,1,49.07371,20540.274,.01880863,604306,0,0
49,1975,,1,57.0669,20562.662,.0201326,622150,0,0
49,1976,,1,64.91149,21315.272,.01969539,641508,0,0
49,1977,,1,52.7834,21892.521,.0191258,663541,0,0
49,1978,,1,57.23506,22719.46,.01892402,687737,0,0
49,1979,,1,44.22878,22583.797,.01629307,713826,0,0
49,1980,,1,78.44689,21916.367,.01722921,742518,0,0
49,1981,,1,54.18325,21933.885,.01735573,763691,0,0
49,1982,,1,47.76387,21862.658,.01520441,784997,0,0
49,1983,,1,53.78138,21915.441,.01630519,802725,0,0
49,1984,,1,57.21478,22821.877,.01582386,816146,0,0
49,1985,,1,49.14333,23373.6,.01558865,826194,0,0
49,1986,,1,60.24093,23817.872,.01644044,836322,0,0
49,1987,,1,54.79633,23886.522,.01760649,844111,0,0
49,1988,,1,71.97856,24331.066,.01738959,849900,0,0
49,1989,,1,53.67255,24821.187,.01767947,858444,0,0
49,1990,,1,46.1607,25304.141,.0179937,871143,0,0
49,1991,,1,62.8081,25498.2,.01895884,894842,0,0
49,1992,,1,40.67305,26107.19,.01962156,922391,0,0
49,1993,,1,45.80547,26615.298,.01926778,952501,0,0
49,1994,,1,56.82758,27381.405,.01793114,982769,0,0
49,1995,,1,56.16144,28375.155,.0159849,1008952,0,0
49,1996,,1,43.96786,29298.68,.01379226,1035460,0,0
50,1964,,1,38.38313,14944.246,.00666153,209874.1,0,0
50,1965,,1,85.41915,15930.904,.0068164,212820.1,0,0
50,1966,,1,42.0121,17192.191,.007095,215762.3,0,0
50,1967,,1,61.74223,17676.942,.00876386,218701.2,0,0
50,1968,,1,44.98878,18431.169,.01142968,221645.1,0,0
50,1969,,1,38.59436,19035.505,.0137638,224623,0,0
50,1970,,1,39.73456,19505.536,.01572781,228364,0,0
50,1971,,1,79.46959,19874.27,.01988833,232121,0,0
50,1972,,1,48.86935,20877.974,.02214501,236419,0,0
50,1973,,1,76.32825,21292.616,.02362966,239138,0,0
50,1974,,1,58.51443,20741.855,.02463723,241731,0,0
50,1975,,1,85.03149,20640.228,.02748105,245454,0,0
50,1976,,1,54.31837,21465.716,.02906803,248251,0,0
50,1977,,1,53.47974,21575.239,.02631711,251997,0,0
50,1978,,1,44.19626,22880.911,.0250378,255304,0,0
50,1979,,1,84.201,23173.376,.02640668,259221,0,0
50,1980,,1,63.73203,23120.534,.02977003,263047,0,0
50,1981,,1,62.66985,23651.482,.03140157,264456,0,0
50,1982,,1,38.87598,23964.617,.02735718,266286,0,0
50,1983,,1,24.23787,24347.568,.02838209,268256,0,0
50,1984,,1,66.4417,25639.366,.02958928,269788,0,0
50,1985,,1,31.92585,26620.273,.02868705,271400,0,0
50,1986,,1,43.86946,27989.397,.02789355,273277,0,0
50,1987,,1,77.90341,29105.296,.02701115,276281,0,0
50,1988,,1,65.92816,30175.594,.02517553,280911,0,0
50,1989,,1,47.11178,31558.264,.02495079,284844,0,0
50,1990,,1,42.55069,30784.605,.02794168,288285,0,0
50,1991,,1,56.13461,30008.421,.03281623,290174,0,0
50,1992,,1,24.48292,31104.495,.03441634,292119,0,0
50,1993,,1,50.98088,31227.177,.0338496,294516,0,0
50,1994,,1,47.49885,31797.118,.03315186,297658,0,0
50,1995,,1,46.86522,32439.862,.03164777,300245,0,0
50,1996,,1,17.10132,33021.298,.02934504,302811,0,0
51,1964,,1,53.36337,16597.542,.00497994,2135653,0,0
51,1965,,1,48.84218,17424.823,.00500616,2172674,0,0
51,1966,,1,58.13367,18124.001,.00510628,2209697,0,0
51,1967,,1,64.27151,19069.962,.00574543,2246714,0,0
51,1968,,1,66.20115,20084.656,.00647695,2283739,0,0
51,1969,,1,64.57875,21425.316,.0079212,2320776,0,0
51,1970,,1,67.19748,21959.56,.01122066,2363942,0,0
51,1971,,1,68.86002,22802.312,.01495837,2407119,0,0
51,1972,,1,57.67321,24176.821,.017963,2447494,0,0
51,1973,,1,61.23295,25033.023,.01923047,2492226,0,0
51,1974,,1,66.29205,24874.267,.02037999,2529797,0,0
51,1975,,1,81.06682,24859.801,.02284935,2571422,0,0
51,1976,,1,76.24773,25557.045,.02270508,2612642,0,0
51,1977,,1,67.46292,26244.815,.02239634,2650578,0,0
51,1978,,1,65.91338,27472.593,.02149745,2690028,0,0
51,1979,,1,63.67998,27727.868,.02152227,2713530,0,0
51,1980,,1,49.62614,27939.853,.0227035,2738143,0,0
51,1981,,1,58.61083,28242.239,.02301038,2774233,0,0
51,1982,,1,17.85942,28545.517,.02107973,2801562,0,0
51,1983,,1,14.29008,29235.925,.0212977,2837674,0,0
51,1984,,1,14.01321,30807.219,.02043269,2876942,0,0
51,1985,,1,14.6991,31864.585,.02005216,2916349,0,0
51,1986,,1,14.46279,33216.297,.01966687,2961918,0,0
51,1987,,1,14.43438,33978.085,.01854452,3021238,0,0
51,1988,,1,12.30621,35249.927,.01771505,3077802,0,0
51,1989,,1,45.40734,36018.07,.01737584,3121196,0,0
51,1990,,1,43.05502,35476.549,.01795956,3167222,0,0
51,1991,,1,43.13979,35212.269,.02019557,3211133,0,0
51,1992,,1,36.21191,35946.285,.02197705,3265365,0,0
51,1993,,1,36.79612,36355.311,.02233913,3314457,0,0
51,1994,,1,37.80537,36969.723,.02225575,3359110,0,0
51,1995,,1,40.64563,37420.137,.02071589,3400631,0,0
51,1996,,1,43.58339,37798.779,.0182102,3442984,0,0
53,1964,1973,0,68.26406,19064.57,.01099345,1546064,0,9
53,1965,1973,0,76.13295,20196.521,.0112532,1578055,0,8
53,1966,1973,0,68.27247,21505.667,.00943974,1610037,0,7
53,1967,1973,0,81.34917,22072.16,.00978982,1642012,0,6
53,1968,1973,0,68.30222,22958.022,.01123062,1673996,0,5
53,1969,1973,0,86.2981,23477.676,.01446353,1706015,0,4
53,1970,1973,0,93.19915,23110.049,.02157765,1720530,0,3
53,1971,1973,0,91.77069,23115.85,.02482618,1735060,0,2
53,1972,1973,0,84.7282,24196.457,.02617387,1735704,0,1
53,1973,1973,1,78.65948,25402.446,.026142,1753188,1,0
53,1974,1973,1,82.237,25684.791,.02609806,1787416,2,0
53,1975,1973,1,79.10417,26306.4,.0262861,1821828,3,0
53,1976,1973,1,80.87296,27057.81,.02652585,1857578,4,0
53,1977,1973,1,65.04335,27617.409,.02596214,1898932,5,0
53,1978,1973,1,75.76405,29222.728,.0251989,1956534,6,0
53,1979,1973,1,66.89793,29667.581,.02476416,2020248,7,0
53,1980,1973,1,55.70927,29226.243,.02740483,2091067,8,0
53,1981,1973,1,66.97676,29223.377,.02579715,2130998,9,0
53,1982,1973,1,54.27286,28917.929,.02406488,2152535,10,0
53,1983,1973,1,60.07812,29376.156,.0255923,2163984,11,0
53,1984,1973,1,50.31111,29976.07,.02752635,2186432,12,0
53,1985,1973,1,57.10449,30387.715,.02976983,2215414,13,0
53,1986,1973,1,68.03127,31583.265,.03231629,2242837,14,0
53,1987,1973,1,55.97107,31849.985,.03307182,2283034,15,0
53,1988,1973,1,56.24882,32674.53,.03255761,2336919,16,0
53,1989,1973,1,55.13269,33873.073,.03290105,2392958,17,0
53,1990,1973,1,50.79733,34330.386,.03336363,2470375,18,0
53,1991,1973,1,50.2165,34590.963,.03591927,2531995,19,0
53,1992,1973,1,50.47167,35482.948,.03756607,2598309,20,0
53,1993,1973,1,47.067,35571.542,.03839759,2656901,21,0
53,1994,1973,1,45.56424,35987.603,.03812267,2705420,22,0
53,1995,1973,1,45.26863,36422.287,.0366353,2756447,23,0
53,1996,1973,1,42.01966,37543.805,.03506271,2799484,24,0
54,1964,,1,39.46844,13071.372,.02814465,921684.8,0,0
54,1965,,1,43.92504,13839.416,.02648137,915779.1,0,0
54,1966,,1,37.07462,14341.225,.02407563,909872.3,0,0
54,1967,,1,42.93567,14830.858,.02322201,903955.6,0,0
54,1968,,1,46.23869,15182.011,.02213133,898048.3,0,0
54,1969,,1,41.76574,15644.408,.02288341,892204,0,0
54,1970,,1,45.91231,16613.481,.0267166,902061,0,0
54,1971,,1,46.09124,17234.482,.0255251,911952,0,0
54,1972,,1,44.48223,18246.75,.02236179,924788,0,0
54,1973,,1,49.97488,18678.949,.02046542,929047,0,0
54,1974,,1,50.88804,18734.443,.01943902,933925,0,0
54,1975,,1,48.32304,19271.193,.0229053,948034,0,0
54,1976,,1,35.11801,19906.241,.0225482,966914,0,0
54,1977,,1,56.0405,20613.044,.02167215,981348,0,0
54,1978,,1,60.44162,21318.061,.02349716,989201,0,0
54,1979,,1,54.5007,21501.921,.02648248,998717,0,0
54,1980,,1,42.4198,21139.228,.02710139,1005997,0,0
54,1981,,1,55.52666,21020.579,.02811873,1007718,0,0
54,1982,,1,37.69035,21051.576,.02617772,1006667,0,0
54,1983,,1,40.67008,20776.066,.02914869,1005128,0,0
54,1984,,1,36.90778,21649.851,.03285135,997265,0,0
54,1985,,1,56.24342,22037.094,.0346996,987593,0,0
54,1986,,1,48.59534,22474.668,.03769063,975711,0,0
54,1987,,1,41.5918,22576.03,.0384981,963699,0,0
54,1988,,1,42.08129,23579.52,.03908028,950136,0,0
54,1989,,1,26.71603,24250.975,.03844842,938450,0,0
54,1990,,1,31.84358,24796.628,.04016693,931355,0,0
54,1991,,1,34.94196,24844.02,.04133723,933422,0,0
54,1992,,1,38.39286,26004.583,.0435732,936059,0,0
54,1993,,1,40.33237,26152.233,.04391014,940430,0,0
54,1994,,1,36.39467,26659.753,.04291493,941044,0,0
54,1995,,1,37.14159,26832.75,.04006789,941760,0,0
54,1996,,1,46.38239,27204.98,.03884137,940417,0,0
55,1964,1977,0,50.46316,16881.703,.00538931,2099140,0,13
55,1965,1977,0,63.62125,17717.25,.00527163,2127157,0,12
55,1966,1977,0,51.91728,18617.675,.00531275,2155159,0,11
55,1967,1977,0,53.70766,18997.909,.0062906,2183151,0,10
55,1968,1977,0,55.39597,19812.929,.0080727,2211156,0,9
55,1969,1977,0,67.15372,20739.352,.00952318,2239272,0,8
55,1970,1977,0,60.38225,20999.06,.01053008,2254653,0,7
55,1971,1977,0,57.59537,21436.904,.01384231,2270075,0,6
55,1972,1977,0,70.724,22561.76,.0174553,2288168,0,5
55,1973,1977,0,61.36609,23569.185,.01887191,2298518,0,4
55,1974,1977,0,65.55613,23446.401,.02060666,2309905,0,3
55,1975,1977,0,56.99306,23576.088,.02471734,2327290,0,2
55,1976,1977,0,70.32904,24386.521,.02749212,2335433,0,1
55,1977,1977,1,66.46159,25451.608,.02925568,2350806,1,0
55,1978,1977,1,57.27485,26520.029,.02960798,2361030,2,0
55,1979,1977,1,49.5125,26928.99,.03056444,2379486,3,0
55,1980,1977,1,47.94744,26481.061,.03343061,2404550,4,0
55,1981,1977,1,60.75981,26301.766,.03678962,2412399,5,0
55,1982,1977,1,47.09673,26135.118,.03378735,2414950,6,0
55,1983,1977,1,48.51217,26426.928,.03723389,2412146,7,0
55,1984,1977,1,49.11106,27831.916,.03841172,2420418,8,0
55,1985,1977,1,47.58598,28294.466,.03981433,2426884,9,0
55,1986,1977,1,47.21401,29294.623,.04043921,2430970,10,0
55,1987,1977,1,49.37779,29760.543,.03883695,2442820,11,0
55,1988,1977,1,55.22154,30214.756,.03540814,2464666,12,0
55,1989,1977,1,44.33903,31375.939,.03254265,2481556,13,0
55,1990,1977,1,40.01582,31288.712,.03164589,2504609,14,0
55,1991,1977,1,34.65479,30989.69,.03200576,2533060,15,0
55,1992,1977,1,42.74414,32271.655,.03173005,2561347,16,0
55,1993,1977,1,35.6508,32736.832,.03073665,2589246,17,0
55,1994,1977,1,36.27699,33718.459,.02918056,2611902,18,0
55,1995,1977,1,37.30787,34253.047,.02678813,2635651,19,0
55,1996,1977,1,33.9229,34985.325,.02089213,2656559,20,0
56,1964,1977,0,63.70404,17107.739,.00534988,162168.8,0,13
56,1965,1977,0,94.87062,17749.036,.00606153,162513.9,0,12
56,1966,1977,0,64.00368,18148.685,.00690608,162851.7,0,11
56,1967,1977,0,90.4163,18955.878,.00714945,163182.8,0,10
56,1968,1977,0,48.88762,19361.978,.00754231,163522,0,9
56,1969,1977,0,86.94607,20374.242,.00772834,163899,0,8
56,1970,1977,0,94.09412,21199.604,.01007422,166266,0,7
56,1971,1977,0,90.44526,22155.007,.01190963,168638,0,6
56,1972,1977,0,76.07864,23705.557,.01219432,171405,0,5
56,1973,1977,0,81.2937,25550.216,.01277674,174138,0,4
56,1974,1977,0,76.0515,26356.728,.01322598,179470,0,3
56,1975,1977,0,74.80944,26430.506,.0124322,187068,0,2
56,1976,1977,0,39.22271,26599.141,.01218559,194027,0,1
56,1977,1977,1,78.69514,28041.602,.01191014,201565,1,0
56,1978,1977,1,52.3563,29962.176,.01106182,210672,2,0
56,1979,1977,1,86.29093,30490.043,.01132812,220653,3,0
56,1980,1977,1,71.36647,30486.109,.0118071,231478,4,0
56,1981,1977,1,55.55508,30693.873,.01091163,240569,5,0
56,1982,1977,1,54.97015,29559.94,.00959747,248555,6,0
56,1983,1977,1,95.58562,27824.853,.01233544,251018,7,0
56,1984,1977,1,75.50493,28170.688,.01365924,249050,8,0
56,1985,1977,1,41.64874,28764.379,.01581004,246995,9,0
56,1986,1977,1,50.65204,28311.206,.01677663,245545,10,0
56,1987,1977,1,55.68958,27365.705,.02097181,236810,11,0
56,1988,1977,1,38.56544,27624.44,.02216502,231442,12,0
56,1989,1977,1,78.9486,29416.842,.02243792,228538,13,0
56,1990,1977,1,69.68636,30609.189,.02400341,226565,14,0
56,1991,1977,1,53.42643,30639.589,.02668726,229070,15,0
56,1992,1977,1,33.14957,31181.451,.02899595,232383,16,0
56,1993,1977,1,63.90977,31666.776,.02667226,235560,17,0
56,1994,1977,1,81.79382,31959.528,.02364284,238980,18,0
56,1995,1977,1,30.63058,32327.66,.02096477,241409,19,0
56,1996,1977,1,49.669,32667.248,.01863859,242910,20,0
