Date,Avg Price (All),S&P Close,USD FX Index,DOW DJI Close,Emerging Market ETF
4/25/2019,75.12714286,2926.17,98.01,26462.08,40.35
4/24/2019,74.56107143,2927.25,98.2,26597.05,40.42
4/23/2019,74.51535714,2933.68,98.1,26656.39,40.9
4/18/2019,71.94428571,2905.03,#N/A,26559.54,41.05
4/17/2019,71.91857143,2900.45,97.47,26449.54,41
4/16/2019,71.43035714,2907.06,97.01,26452.66,40.9
4/15/2019,71.34214286,2905.58,97.04,26384.77,40.57
4/4/2019,69.88035714,2879.39,97.4,26384.63,40.57
4/3/2019,69.355,2873.4,97.31,26218.13,40.31
4/2/2019,69.75071429,2867.24,97.09,26179.13,40.12
4/1/2019,69.29535714,2867.19,97.36,26258.42,40.24
3/29/2019,68.13607143,2834.4,#N/A,25928.68,39.64
3/28/2019,66.92178571,2815.44,97.28,25717.46,39.18
3/27/2019,67.85714286,2805.37,97.2,25625.59,38.84
3/26/2019,67.895,2818.46,96.77,25657.73,39.27
3/25/2019,67.18571429,2798.36,96.74,25516.83,39.14
3/22/2019,66.52607143,2800.71,#N/A,25502.32,38.96
3/21/2019,68.36035714,2854.88,96.65,25962.51,40.17
3/20/2019,68.5275,2824.23,96.5,25745.67,40.08
3/19/2019,67.82214286,2832.57,95.76,25887.38,40.09
3/18/2019,67.41285714,2832.94,96.38,25914.1,40.08
3/15/2019,66.975,2822.48,#N/A,25848.87,39.63
3/13/2019,67.03035714,2810.92,96.79,25702.89,39.3
3/12/2019,66.49714286,2791.52,96.55,25554.66,39.22
3/11/2019,66.21321429,2783.3,96.94,25650.88,39.06
3/8/2019,64.59071429,2743.07,97.37,25450.24,38.28
3/7/2019,65.75392857,2748.93,97.67,25473.23,38.56
3/6/2019,65.3875,2771.45,96.87,25673.46,39.19
3/5/2019,65.51821429,2789.65,96.85,25806.63,39.39
3/4/2019,65.64535714,2792.81,96.68,25819.65,38.93
3/1/2019,64.95071429,2803.69,96.53,26026.32,38.79
2/28/2019,66.15535714,2784.49,96.16,25916,38.74
2/27/2019,66.47571429,2792.38,96.15,25985.16,39.04
2/26/2019,65.35321429,2793.9,96,26057.98,39.35
2/25/2019,64.9425,2796.11,96.41,26091.95,39.47
2/22/2019,67.34392857,2792.67,96.51,26031.81,38.95
2/21/2019,67.22714286,2774.88,96.61,25850.63,38.51
2/20/2019,67.11392857,2784.7,96.45,25954.44,38.6
2/19/2019,66.19214286,2779.76,96.52,25891.32,38.43
2/18/2019,66.69571429,#N/A,#N/A,#N/A,#N/A
2/14/2019,64.29571429,2745.73,96.98,25439.39,38.1
2/13/2019,63.96928571,2753.03,97.13,25543.27,38.03
2/12/2019,62.88714286,2744.73,96.71,25425.76,38.3
2/11/2019,61.65142857,2709.8,97.06,25053.11,37.93
2/7/2019,61.50678571,2706.05,96.51,25169.53,38.3
2/6/2019,62.84035714,2731.61,96.42,25390.3,38.66
2/5/2019,62.31821429,2737.7,96.1,25411.52,39.13
2/4/2019,62.66892857,2724.87,95.85,25239.37,38.69
1/31/2019,62.465,2704.1,95.58,24999.67,38.89
1/30/2019,62.55142857,2681.05,95.34,25014.86,38.48
1/29/2019,61.615,2640,95.82,24579.96,37.81
1/28/2019,59.94107143,2643.85,95.75,24528.22,37.77
1/25/2019,61.735,2664.76,95.79,24737.2,38.17
1/24/2019,61.33678571,2642.33,96.6,24553.24,37.79
1/23/2019,61.25607143,2638.7,96.12,24575.62,37.48
1/22/2019,61.2475,2632.9,96.3,24404.48,37.12
1/21/2019,62.64428571,#N/A,#N/A,#N/A,#N/A
1/18/2019,62.48214286,2670.71,96.34,24706.35,37.75
1/17/2019,60.63214286,2635.96,96.07,24370.1,37.55
1/16/2019,60.77464286,2616.1,96.06,24207.16,37.38
1/15/2019,59.56107143,2610.3,95.97,24065.59,37.01
1/14/2019,59.85535714,2582.61,95.59,23909.84,36.77
1/11/2019,60.30892857,2596.26,95.67,23995.95,37.03
1/10/2019,61.10857143,2596.64,95.54,24001.92,37.26
1/9/2019,60.32071429,2584.96,95.22,23879.12,36.99
1/8/2019,57.69928571,2574.41,95.9,23787.45,36.45
1/7/2019,57.78928571,2549.69,95.71,23531.35,36.25
1/4/2019,56.34107143,2531.94,96.19,23433.16,36.18
1/3/2019,54.20892857,2447.89,96.31,22686.22,35.07
1/2/2019,54.95785714,2510.03,96.82,23346.24,35.63
12/28/2018,51.39142857,2485.74,96.39,23062.4,35.53
12/27/2018,52.8225,2488.83,96.48,23138.82,35.28
12/21/2018,52.39857143,2416.62,96.96,22445.37,35.01
12/20/2018,54.27678571,2467.42,96.28,22859.6,35.3
12/19/2018,56.97071429,2506.96,97.04,23323.66,35.03
12/18/2018,56.465,2546.16,97.14,23675.64,35.62
12/17/2018,59.07357143,2545.94,97.1,23592.98,35.4
12/14/2018,59.86785714,2599.95,97.44,24100.51,35.79
12/13/2018,60.02785714,2650.54,97.06,24597.38,36.24
12/12/2018,60.78714286,2651.07,97.04,24527.27,36.19
12/11/2018,60.33535714,2636.78,97.39,24370.24,35.65
12/10/2018,60.55071429,2637.72,97.22,24423.26,35.29
12/7/2018,62.27285714,2633.08,96.51,24388.95,35.71
12/6/2018,58.00464286,2695.95,96.81,24947.67,36.44
12/5/2018,61.71535714,#N/A,#N/A,#N/A,#N/A
12/4/2018,61.53642857,2700.06,96.97,25027.07,36.73
12/3/2018,60.85428571,2790.37,97.04,25826.43,37.43
11/30/2018,58.13035714,2760.17,97.27,25538.46,36.7
11/29/2018,59.41964286,2737.8,96.78,25338.84,36.74
11/28/2018,59.26285714,2743.79,96.79,25366.43,36.99
11/27/2018,60.31285714,2682.17,97.37,24748.73,36.19
11/26/2018,60.58035714,2673.45,97.07,24640.24,35.93
11/23/2018,58.67285714,2632.56,-,24285.95,35.68
11/22/2018,62.48642857,#N/A,#N/A,#N/A,#N/A
11/21/2018,62.93607143,2649.93,96.71,24464.69,36.06
11/20/2018,63.43035714,2641.89,96.81,24465.64,35.39
11/19/2018,65.72285714,2690.73,96.19,25017.44,36.15
11/16/2018,66.80892857,2736.27,96.47,25413.22,36.6
11/15/2018,66.75678571,2730.2,96.93,25289.27,36.47
11/14/2018,65.94071429,2701.58,96.8,25080.5,35.77
11/13/2018,66.30285714,2722.18,97.3,25286.49,35.49
11/12/2018,70.265,2726.22,97.54,25387.18,35.08
11/9/2018,69.30428571,2781.01,96.91,25989.3,35.55
11/8/2018,70.83035714,2806.83,96.64,26191.22,36.17
11/7/2018,71.24928571,2813.89,96,26180.3,37.06
11/6/2018,71.36821429,2755.45,96.32,25635.01,36.42
11/5/2018,73.38642857,2738.31,96.35,25461.7,36.56
11/2/2018,72.53178571,2723.06,#N/A,25270.83,36.39
11/1/2018,72.71071429,2740.37,96.54,25380.74,36.26
10/31/2018,76.22714286,2711.74,96.28,25115.76,35
10/30/2018,76.44642857,2682.63,97.13,24874.64,34.61
10/29/2018,77.84821429,2641.25,97.01,24442.92,33.91
10/26/2018,77.57821429,2658.69,#N/A,24688.31,34.59
10/24/2018,77.39964286,2656.1,96.68,24583.42,34.21
10/23/2018,77.8725,2740.69,96.43,25191.43,35.23
10/22/2018,80.0725,2755.88,95.96,25317.41,35.59
10/19/2018,80.43142857,2767.78,#N/A,25444.34,35.22
10/18/2018,80.03035714,2768.78,95.71,25379.45,34.89
10/17/2018,80.4125,2809.21,95.9,25706.68,35.83
10/16/2018,81.19678571,2809.92,95.58,25798.42,36.26
10/15/2018,81.26571429,2750.79,95.05,25250.55,35.45
10/12/2018,81.27964286,2767.13,#N/A,25339.99,35.8
10/11/2018,81.625,2728.37,95.22,25052.83,34.91
10/10/2018,84.28321429,2785.68,95.02,25598.74,35.23
10/9/2018,85.57714286,2880.34,95.51,26430.57,36.23
10/8/2018,84.35214286,2884.43,95.68,26486.78,36.33
10/5/2018,85.60678571,2885.57,#N/A,26447.05,36.26
10/4/2018,86.48071429,2901.61,95.62,26627.48,36.43
10/3/2018,85.96035714,2925.51,95.75,26828.39,37.28
10/2/2018,86.11678571,2923.43,95.76,26773.94,37.59
10/1/2018,84.98642857,2924.59,95.51,26651.21,38
9/28/2018,83.83821429,2913.98,#N/A,26458.31,37.91
9/27/2018,82.03178571,2914,95.19,26439.93,38.15
9/26/2018,81.90035714,2905.97,95,26385.28,38.04
9/25/2018,82.54464286,2915.56,94.19,26492.21,37.97
9/24/2018,81.14642857,2919.37,94.13,26562.05,37.73
9/21/2018,79.31535714,2929.67,#N/A,26743.5,38.2
9/20/2018,79.31142857,2930.75,94.22,26656.98,38.05
9/19/2018,79.70785714,2907.95,93.91,26405.76,37.74
9/18/2018,79.6075,2904.31,94.55,26246.96,37.24
9/17/2018,79.00071429,2888.8,94.62,26062.12,36.94
9/14/2018,78.74357143,2904.98,#N/A,26154.67,37.24
9/13/2018,78.735,2904.18,94.98,26145.99,37.28
9/12/2018,80.12607143,2888.92,94.54,25998.92,36.81
9/11/2018,79.05,2887.89,94.8,25971.06,36.59
9/10/2018,77.92964286,2877.13,95.06,25857.07,36.54
9/7/2018,76.95107143,2871.68,#N/A,25916.54,36.98
9/6/2018,76.91821429,2878.05,95.37,25995.87,37.14
9/5/2018,77.885,2888.6,95.02,25974.99,37.16
9/4/2018,78.38142857,2896.72,95.13,25952.48,37.56
9/3/2018,78.45107143,#N/A,95.42,#N/A,#N/A
8/31/2018,78.13678571,2901.52,#N/A,25964.82,38.42
8/30/2018,77.82142857,2901.13,95.14,25986.92,38.17
8/29/2018,76.905,2914.04,94.72,26124.57,39.21
8/28/2018,77.05571429,2897.52,94.6,26064.02,38.99
8/24/2018,76.4425,2874.69,#N/A,25790.35,38.55
8/23/2018,75.26821429,2856.98,95.15,25656.98,37.98
8/22/2018,74.75035714,2861.82,95.62,25733.6,38.59
8/21/2018,73.2325,2862.96,95.15,25822.29,38.36
8/20/2018,72.86571429,2857.05,95.26,25758.69,37.95
8/17/2018,72.73678571,2850.13,#N/A,25669.32,37.78
8/16/2018,72.09035714,2840.69,96.1,25558.73,37.46
8/15/2018,71.28642857,2818.37,96.65,25162.41,37.2
8/14/2018,73.18178571,2839.96,96.7,25299.92,38.32
8/13/2018,73.09285714,2821.93,96.73,25187.7,38.09
8/10/2018,73.37607143,2833.28,#N/A,25313.14,38.72
8/9/2018,72.8825,2853.58,96.36,25509.23,39.5
8/8/2018,72.77178571,2857.7,95.5,25583.75,39.56
8/7/2018,74.64107143,2858.45,95.1,25628.91,39.65
8/6/2018,74.52678571,2850.4,95.22,25502.18,39.29
8/3/2018,74.09857143,2840.35,#N/A,25462.58,39.59
8/2/2018,74.23678571,2827.22,95.14,25326.16,39.35
8/1/2018,73.65035714,2813.36,95.17,25333.82,39.8
7/31/2018,75.35071429,2816.29,94.62,25415.19,40.11
7/30/2018,75.9,2802.6,94.49,25306.83,39.92
7/27/2018,75.75107143,2818.82,#N/A,25451.06,39.98
7/26/2018,75.57178571,2837.44,94.68,25527.07,39.92
7/25/2018,74.98142857,2846.07,94.75,25414.1,40.32
7/24/2018,74.76642857,2820.4,94.36,25241.94,39.68
7/23/2018,74.76535714,2806.98,94.61,25044.29,39.1
7/20/2018,73.71357143,2801.83,#N/A,25058.12,39.22
7/19/2018,73.875,2804.49,94.46,25064.5,38.72
7/18/2018,72.6,2815.62,95.17,25199.29,39.16
7/17/2018,72.77071429,2809.55,95.08,25119.89,39.2
7/16/2018,73.14357143,2798.43,94.97,25064.36,38.9
7/13/2018,75.7425,2801.31,#N/A,25019.41,39.12
7/12/2018,73.88892857,2798.29,94.75,24924.89,39.09
7/11/2018,76.535,2774.02,94.81,24700.45,38.55
7/10/2018,78.63214286,2793.84,94.72,24919.66,39.28
7/9/2018,77.91928571,2784.17,94.11,24776.59,39.32
7/6/2018,76.97642857,2759.82,#N/A,24456.48,38.62
7/5/2018,78.01607143,2736.61,94.04,24356.74,38.15
7/4/2018,78.08392857,#N/A,94.47,#N/A,#N/A
7/3/2018,77.05607143,2713.22,-,24174.82,38.19
7/2/2018,77.71321429,2726.71,#N/A,24307.18,38.15
6/29/2018,78.88571429,2718.37,#N/A,24271.41,38.57
6/28/2018,77.18642857,2716.31,94.63,24216.05,37.95
6/27/2018,77.51107143,2699.63,95.39,24117.59,37.59
6/26/2018,75.22357143,2723.06,95.29,24283.11,38.44
6/25/2018,74.5825,2717.07,94.68,24252.8,38.6
6/22/2018,74.87142857,2754.88,#N/A,24580.89,39.11
6/21/2018,74.08642857,2749.76,94.52,24461.7,38.79
6/20/2018,75.23321429,2767.32,94.87,24657.8,39.35
6/19/2018,74.93142857,2762.59,95.06,24700.21,39.22
6/18/2018,74.88964286,2773.75,95.09,24987.47,39.67
6/15/2018,73.74785714,2779.66,#N/A,25090.48,40.14
6/14/2018,75.99357143,2782.49,94.79,25175.31,40.36
6/13/2018,76.13071429,2775.63,94.77,25201.2,40.57
6/12/2018,76.16392857,2786.85,93.71,25320.73,40.87
6/11/2018,76.28357143,2782,93.8,25322.31,40.9
6/8/2018,76.26321429,2779.03,#N/A,25316.53,40.95
6/7/2018,76.74142857,2770.37,93.55,25241.41,40.98
6/6/2018,75.08357143,2772.35,93.4,25146.39,41.62
6/5/2018,74.67785714,2748.8,93.66,24799.98,41.03
6/4/2018,75.18428571,2746.87,93.89,24813.69,41.39
6/1/2018,76.16535714,2734.62,#N/A,24635.21,40.96
5/31/2018,77.525,2705.27,94.19,24415.84,40.51
5/30/2018,76.93357143,2724.01,93.99,24667.78,40.46
5/29/2018,75.41857143,2689.86,94.15,24361.45,40.11
5/25/2018,76.74535714,2721.33,#N/A,24753.09,41.02
5/24/2018,79,2727.76,94.19,24811.76,40.92
5/23/2018,78.81214286,2733.29,93.78,24886.81,41.06
5/22/2018,80.04107143,2724.44,94.01,24834.41,41.25
5/21/2018,78.80178571,2733.01,93.61,25013.29,41.08
5/18/2018,78.80571429,2712.97,#N/A,24715.09,40.82
5/17/2018,80.09821429,2720.13,93.64,24713.98,41.2
5/16/2018,78.27571429,2722.46,93.47,24768.93,41.78
5/15/2018,78.72928571,2711.45,93.39,24706.41,41.2
5/14/2018,78.18571429,2730.13,93.22,24899.41,42
5/11/2018,77.49178571,2727.72,#N/A,24831.17,41.87
5/10/2018,77.4,2723.07,92.54,24739.53,42.02
5/9/2018,77.47035714,2697.79,92.65,24542.54,41.2
5/8/2018,74.94464286,2671.92,93.04,24360.21,41.15
5/4/2018,75.23821429,2663.42,#N/A,24262.51,41.05
5/3/2018,74.41714286,2629.73,92.57,23930.15,40.85
5/2/2018,74.07464286,2635.67,92.41,23924.98,40.97
5/1/2018,75.14714286,2654.8,92.51,24099.05,41.25
4/30/2018,75.86464286,2648.05,92.45,24163.15,41.48
4/27/2018,75.36035714,2669.91,#N/A,24311.19,41.76
4/26/2018,75.58642857,2666.94,91.54,24322.34,41.55
4/25/2018,74.92607143,2639.4,91.56,24083.83,41.12
4/24/2018,76.01035714,2634.56,91.17,24024.13,41.43
4/23/2018,75.25964286,2670.29,90.77,24448.69,41.62
4/20/2018,75.0075,2670.14,#N/A,24462.94,41.9
4/19/2018,75.99928571,2693.13,90.32,24664.89,42.4
4/18/2018,74.68392857,2708.64,89.94,24748.07,42.63
4/17/2018,73.38642857,2706.39,89.62,24786.63,42.34
4/13/2018,74.41607143,2656.3,#N/A,24360.14,42.26
4/12/2018,73.40714286,2663.99,89.8,24483.05,42.71
4/11/2018,74.35964286,2642.19,89.75,24189.45,42.72
4/10/2018,72.63928571,2656.87,89.57,24408,42.66
4/9/2018,70.71428571,2613.16,89.59,23979.1,41.88
4/6/2018,69.63214286,2604.47,#N/A,23932.76,41.92
4/5/2018,70.28392857,2662.84,90.11,24505.22,42.67
4/4/2018,69.85678571,2644.69,90.46,24264.3,42.58
4/3/2018,70.14964286,2614.45,90.14,24033.36,42.44
3/29/2018,70.2925,2640.87,#N/A,24103.11,42.66
3/28/2018,71.015,2605,90.15,23848.42,41.9
3/27/2018,71.43464286,2612.62,90.06,23857.71,42.19
3/26/2018,71.39035714,2658.55,89.37,24202.6,42.83
3/23/2018,71.61571429,2588.26,#N/A,23533.2,41.57
3/22/2018,70.96214286,2643.69,89.44,23957.89,42.19
3/21/2018,71.07607143,2711.93,89.86,24682.31,43.57
3/20/2018,69.26035714,2716.94,89.78,24727.27,43.33
3/19/2018,68.35071429,2712.92,90.37,24610.91,42.96
3/16/2018,68.03535714,2752.01,#N/A,24946.51,43.37
3/15/2018,67.255,2747.33,90.23,24873.66,43.5
3/14/2018,66.94392857,2749.48,90.14,24758.12,43.68
3/13/2018,67.05964286,2765.31,89.7,25007.03,43.62
3/12/2018,67.32535714,2783.02,89.66,25178.61,44.05
3/9/2018,67.92142857,2786.57,90.09,25335.74,43.89
3/8/2018,66.77785714,2738.97,90.12,24895.21,43.12
3/7/2018,67.79035714,2726.8,89.64,24801.36,43.1
3/6/2018,67.9825,2728.12,89.62,24884.12,43.1
3/5/2018,68.13464286,2720.94,90.08,24874.76,42.98
3/2/2018,66.73678571,2691.25,89.94,24538.06,42.85
3/1/2018,66.62642857,2677.67,90.32,24608.98,42.74
2/28/2018,68.0225,2713.83,90.61,25029.2,42.75
2/27/2018,69.25142857,2744.28,90.36,25410.03,43.31
2/26/2018,69.85071429,2779.6,89.82,25709.27,44.51
2/23/2018,69.14214286,2747.3,89.88,25309.99,44.09
2/22/2018,68.68071429,2703.96,89.75,24962.48,43.39
2/21/2018,67.80357143,2701.33,90.08,24797.78,43.33
2/20/2018,67.55714286,2716.26,89.72,24964.75,43.39
2/19/2018,68.06321429,#N/A,#N/A,#N/A,#N/A
2/16/2018,67.42678571,2732.22,89.1,25219.38,43.78
2/15/2018,66.51107143,2731.2,88.59,25200.37,43.94
2/14/2018,65.93892857,2698.63,89.12,24893.49,43.13
2/13/2018,65.07142857,2662.94,89.7,24640.45,42.26
2/12/2018,65.80785714,2656,90.21,24601.27,41.94
2/9/2018,66.0875,2619.55,90.44,24190.9,41.36
2/8/2018,67.09428571,2581,90.23,23860.46,40.75
2/7/2018,68.39607143,2681.66,90.26,24893.35,42.15
2/6/2018,69.31964286,2695.14,89.59,24912.77,43.39
2/5/2018,70.45785714,2648.94,89.55,24345.75,42.33
2/2/2018,70.16892857,2762.13,89.2,25520.96,43.74
2/1/2018,70.99928571,2821.98,88.67,26186.71,44.75
1/31/2018,70.53571429,2823.81,89.13,26149.39,45.17
1/30/2018,70.44428571,2822.43,89.19,26076.89,44.9
1/29/2018,71.00107143,2853.53,89.31,26439.48,45.48
1/26/2018,72.09,2872.87,89.07,26616.71,46.2
1/25/2018,72.48678571,2839.25,89.39,26392.79,45.6
1/24/2018,71.89178571,2837.54,89.21,26252.12,45.76
1/23/2018,72.00214286,2839.13,90.12,26210.81,45.34
1/22/2018,71.60607143,2832.97,90.4,26214.6,45.18
1/19/2018,70.78678571,2810.3,90.57,26071.72,44.82
1/18/2018,71.56392857,2798.03,90.5,26017.81,44.4
1/17/2018,71.46357143,2802.56,90.54,26115.65,44.33
1/16/2018,71.53214286,2776.42,90.39,25792.86,43.71
1/12/2018,71.62714286,2786.24,90.97,25803.19,43.93
1/11/2018,72.32678571,2767.56,91.85,25574.73,43.47
1/9/2018,70.94714286,2751.29,92.53,25385.8,43.38
1/8/2018,70.4175,2747.71,92.33,25283,43.39
1/5/2018,70.32071429,2743.15,91.95,25295.87,43.38
1/4/2018,70.8775,2723.99,91.85,25075.13,43
1/3/2018,70.34821429,2713.06,92.16,24922.68,42.73
1/2/2018,69.15285714,2695.81,91.85,24824.01,42.33
12/29/2017,69.13071429,2673.61,92.12,24719.22,41.61
12/28/2017,68.79071429,2687.54,92.6,24837.51,41.41
12/27/2017,68.73857143,2682.62,93.03,24774.3,41.21
12/22/2017,67.18571429,2683.34,93.35,24754.06,41.17
12/21/2017,67.32857143,2684.57,93.28,24782.29,40.84
12/20/2017,67.24071429,2679.25,93.35,24726.65,40.44
12/19/2017,66.45928571,2681.47,93.47,24754.75,40.38
12/18/2017,66.65571429,2690.16,93.7,24792.2,40.49
12/15/2017,66.55892857,2675.81,93.93,24651.74,40.08
12/14/2017,66.43035714,2652.01,93.49,24508.66,39.97
12/13/2017,66.04071429,2662.85,93.43,24585.43,40.22
12/12/2017,67.20607143,2664.11,94.1,24504.8,39.79
12/11/2017,67.65785714,2659.99,93.87,24386.03,40.08
12/8/2017,66.60964286,2651.5,93.9,24329.16,39.82
12/7/2017,65.43428571,2636.98,93.8,24211.48,39.37
12/6/2017,65.03357143,2629.27,93.61,24140.91,39.31
12/5/2017,66.01821429,2629.57,93.38,24180.64,39.81
12/4/2017,66.05571429,2639.44,93.19,24290.05,39.87
12/1/2017,67.00535714,2642.22,92.9,24231.59,39.73
11/30/2017,65.98321429,2647.58,93.01,24272.35,40.12
11/29/2017,66.00428571,2626.07,93.26,23940.68,40.38
11/28/2017,66.38285714,2627.04,93.26,23836.71,40.95
11/27/2017,66.14535714,2601.42,92.9,23580.78,40.71
11/24/2017,66.395,2602.42,-,23557.99,41.13
11/22/2017,65.79107143,2597.08,93.22,23526.18,41.29
11/21/2017,65.345,2599.03,93.95,23590.83,41.15
11/20/2017,64.79678571,2582.14,94.08,23430.33,40.65
11/17/2017,65.28357143,2578.85,93.66,23358.24,40.47
11/16/2017,64.64678571,2585.64,93.93,23458.36,40.25
11/15/2017,64.76,2564.62,93.81,23271.28,39.55
11/13/2017,65.99571429,2584.84,94.49,23439.7,40.14
11/10/2017,66.78535714,2582.3,94.39,23422.21,40.22
11/9/2017,66.94071429,2584.62,94.44,23461.94,40.38
11/8/2017,66.54607143,2594.38,94.87,23563.36,40.53
11/7/2017,66.59678571,2590.64,94.91,23557.23,40.38
11/6/2017,66.59892857,2591.13,94.72,23548.42,40.64
11/3/2017,64.3725,2587.84,#N/A,23539.19,40.25
11/2/2017,63.66214286,2579.85,94.94,23516.26,40.48
11/1/2017,64.0025,2579.36,94.69,23435.01,40.36
10/31/2017,63.96785714,2575.26,94.82,23377.24,40.26
10/30/2017,63.50928571,2572.83,94.55,23348.74,40.03
10/27/2017,63.41964286,2581.07,#N/A,23434.19,40.36
10/26/2017,62.11964286,2560.4,94.92,23400.86,39.87
10/25/2017,61.66107143,2557.15,94.61,23329.46,40.08
10/24/2017,61.26892857,2569.13,93.71,23441.76,40.17
10/23/2017,61.05892857,2564.98,93.96,23273.96,40.06
10/20/2017,61.22142857,2575.21,#N/A,23328.63,40.42
10/19/2017,61.27392857,2562.1,93.7,23163.04,40.26
10/17/2017,61.26464286,2559.36,93.36,22997.44,40.52
10/16/2017,61.40178571,2557.64,93.49,22956.96,40.72
10/13/2017,60.77428571,2553.17,#N/A,22871.72,40.75
10/12/2017,59.81892857,2550.93,93.09,22841.01,40.39
10/11/2017,60.01678571,2555.24,93.12,22872.89,40.39
10/10/2017,60.48214286,2550.64,92.96,22830.68,40.28
10/9/2017,59.47535714,2544.73,93.29,22761.07,39.89
10/6/2017,59.32214286,2549.33,#N/A,22773.67,40.02
10/5/2017,61.06392857,2552.07,93.8,22775.39,40.18
10/4/2017,60.15178571,2537.74,93.96,22661.64,39.92
10/3/2017,60.26357143,2534.58,93.46,22641.67,39.88
10/2/2017,59.80928571,2529.12,93.57,22557.6,39.34
9/29/2017,60.77,2519.36,#N/A,22405.09,39.3
9/28/2017,61.55535714,2510.06,93.08,22381.2,38.91
9/27/2017,61.86035714,2507.04,93.09,22340.71,38.89
9/26/2017,62.19214286,2496.84,93.36,22284.32,39.1
9/25/2017,62.30714286,2496.66,92.97,22296.09,39.11
9/22/2017,60.92714286,2502.22,#N/A,22349.59,39.85
9/21/2017,60.54821429,2500.6,92.17,22359.23,40.1
9/20/2017,60.38464286,2508.24,92.26,22412.59,40.06
9/19/2017,59.56535714,2506.65,92.51,22370.8,40.18
9/18/2017,59.05928571,2503.87,91.79,22331.35,40.14
9/15/2017,59.96571429,2500.23,#N/A,22268.34,40.18
9/14/2017,60.10714286,2495.62,91.87,22203.48,39.91
9/13/2017,59.35107143,2498.37,92.12,22158.18,39.83
9/12/2017,58.69392857,2496.48,92.52,22118.86,40.09
9/11/2017,57.81107143,2488.11,91.91,22057.37,40.17
9/8/2017,58.3525,2461.43,#N/A,21797.79,39.7
9/7/2017,58.1375,2465.1,91.33,21784.78,39.96
9/6/2017,58.425,2465.54,91.53,21807.64,39.76
9/5/2017,57.65357143,2457.85,92.29,21753.31,39.48
9/4/2017,56.73928571,#N/A,92.31,#N/A,#N/A
9/1/2017,56.9325,2476.55,#N/A,21987.56,39.78
8/31/2017,56.74214286,2471.65,92.81,21948.1,39.5
8/30/2017,56.0325,2457.59,92.67,21892.43,39.36
8/29/2017,55.92107143,2446.3,92.88,21865.37,39.32
8/25/2017,56.27428571,2443.05,#N/A,21813.67,39.41
8/24/2017,56.2475,2438.97,92.74,21783.4,39.08
8/23/2017,56.30964286,2444.04,93.28,21812.09,38.99
8/22/2017,56.14285714,2452.51,93.15,21899.89,38.8
8/21/2017,55.95642857,2428.37,93.55,21703.75,38.46
8/18/2017,55.54714286,2425.55,#N/A,21674.51,38.37
8/17/2017,54.97892857,2430.01,93.43,21750.73,38.09
8/16/2017,55.14357143,2468.11,93.62,22024.87,38.58
8/15/2017,54.67,2464.61,93.49,21998.99,38.12
8/14/2017,55.89357143,2465.84,93.85,21993.71,38.14
8/11/2017,55.98071429,2441.32,#N/A,21858.32,37.81
8/10/2017,56.68607143,2438.21,93.07,21844.01,37.7
8/9/2017,56.26035714,2474.02,93.4,22048.7,38.59
8/8/2017,56.42,2474.92,93.52,22085.34,38.8
8/7/2017,55.73678571,2480.91,93.64,22118.42,38.86
8/4/2017,56.46964286,2476.83,#N/A,22092.81,38.55
8/3/2017,56.88321429,2472.16,93.54,22026.1,38.45
8/2/2017,56.245,2477.57,92.81,22016.24,38.6
8/1/2017,55.24535714,2476.35,92.83,21963.92,38.51
7/31/2017,55.99178571,2470.3,93.03,21891.12,38.35
7/28/2017,56.01535714,2472.1,#N/A,21830.31,38.28
7/27/2017,55.15678571,2475.42,93.26,21796.55,38.14
7/26/2017,54.58071429,2477.83,93.86,21711.01,38.34
7/25/2017,54.02821429,2477.13,93.67,21613.43,38.06
7/24/2017,52.88964286,2469.91,94.05,21513.17,38.12
7/21/2017,52.8775,2472.54,#N/A,21580.07,37.98
7/20/2017,53.57107143,2473.45,93.94,21611.78,38.06
7/19/2017,53.5,2473.83,94.27,21640.75,38.14
7/18/2017,52.78642857,2460.61,94.8,21574.73,37.78
7/17/2017,52.95642857,2459.14,94.66,21629.72,37.71
7/14/2017,52.82535714,2459.27,#N/A,21637.74,37.91
7/13/2017,52.59,2447.83,95.11,21553.09,37.53
7/12/2017,51.90928571,2443.25,95.73,21532.14,37.42
7/11/2017,51.42285714,2425.53,95.79,21409.07,36.72
7/10/2017,51.56535714,2427.43,95.74,21408.52,36.47
7/7/2017,51.28892857,2425.18,#N/A,21414.34,36.21
7/6/2017,53.08928571,2409.75,96.01,21320.04,36.11
7/5/2017,52.25642857,2432.54,95.82,21478.17,36.51
7/4/2017,53.73392857,#N/A,96.29,#N/A,#N/A
7/3/2017,53.48071429,2429.01,-,21479.27,36.57
6/30/2017,52.18107143,2423.41,#N/A,21349.63,36.4
6/29/2017,52.04678571,2419.7,95.66,21287.03,36.12
6/28/2017,51.58035714,2440.69,95.63,21454.61,36.53
6/27/2017,51.35821429,2419.38,96.05,21310.66,36.31
6/26/2017,50.07,2439.07,96.47,21409.55,36.7
6/23/2017,49.98785714,2438.3,#N/A,21394.76,36.31
6/22/2017,50.20928571,2434.5,97.3,21397.29,36.18
6/21/2017,50.23821429,2435.61,97.54,21410.03,36.05
6/20/2017,50.02,2437.03,97.56,21467.14,35.91
6/19/2017,51.5625,2453.46,97.75,21528.99,36.34
6/16/2017,51.375,2433.15,#N/A,21384.28,36.11
6/15/2017,51.16535714,2432.46,97.16,21359.9,35.99
6/14/2017,51.02678571,2437.92,97.43,21374.56,36.31
6/13/2017,52.08428571,2440.35,96.94,21328.47,36.34
6/12/2017,52.63357143,2429.39,96.98,21235.67,36.17
6/9/2017,52.19821429,2431.77,#N/A,21271.97,36.3
6/8/2017,51.875,2433.79,97.27,21182.53,36.55
6/7/2017,52.33892857,2433.14,96.92,21173.69,36.48
6/6/2017,53.11678571,2429.33,96.75,21136.23,36.5
6/5/2017,53.00285714,2436.1,96.64,21184.04,36.48
6/2/2017,53.74714286,2439.07,#N/A,21206.29,36.48
6/1/2017,54.84107143,2430.06,96.72,21144.18,36.36
5/31/2017,54.05714286,2411.8,97.2,21008.65,36.1
5/30/2017,55.19035714,2412.91,96.92,21029.47,36.36
5/26/2017,55.565,2415.82,#N/A,21080.28,36.42
5/25/2017,56.69821429,2415.07,97.4,21082.95,36.34
5/24/2017,57.58142857,2404.39,97.25,21012.42,36.15
5/23/2017,57.48857143,2398.42,97.24,20937.91,36.03
5/22/2017,57.4725,2394.02,97.35,20894.83,36.04
5/19/2017,57.03214286,2381.73,#N/A,20804.84,36.05
5/18/2017,56.21785714,2365.72,97.15,20663.02,35.42
5/17/2017,56.02071429,2357.03,97.88,20606.93,36.09
5/16/2017,55.59107143,2400.67,97.42,20979.75,36.64
5/15/2017,55.80464286,2402.32,98.11,20981.94,36.6
5/12/2017,54.39321429,2390.9,#N/A,20896.61,36.27
5/11/2017,54.64035714,2394.44,99.25,20919.42,36.07
5/10/2017,53.83071429,2399.63,99.62,20943.11,36.09
5/9/2017,52.64321429,2396.92,99.67,20975.78,35.8
5/8/2017,52.35107143,2399.38,99.59,21012.28,35.41
5/5/2017,52.90357143,2399.29,#N/A,21006.94,35.63
5/4/2017,52.70964286,2389.52,98.65,20951.47,35.42
5/3/2017,53.9475,2388.13,98.76,20957.9,35.8
5/2/2017,54.56821429,2391.17,99.21,20949.89,36.06
4/28/2017,55.23821429,2384.2,#N/A,20940.51,35.74
4/27/2017,54.51785714,2388.77,99.05,20981.33,35.59
4/26/2017,55.62642857,2387.45,99.08,20975.09,35.71
4/25/2017,55.185,2388.61,98.96,20996.12,35.84
4/24/2017,55.03071429,2374.15,98.82,20763.89,35.58
4/21/2017,55.21928571,2348.69,#N/A,20547.76,35.18
4/20/2017,55.93035714,2355.84,99.98,20578.71,35.21
4/19/2017,56.88642857,2338.17,99.78,20404.49,34.85
4/18/2017,57.315,2342.19,99.74,20523.28,35.1
4/17/2017,57.315,2349.01,99.5,20636.92,35.52
4/13/2017,58.09642857,2328.95,#N/A,20453.25,35.22
4/12/2017,58.08178571,2344.93,100.56,20591.86,35.41
4/11/2017,57.84857143,2353.78,100.78,20651.3,35.28
4/10/2017,58.07178571,2357.16,100.71,20658.02,35.25
4/7/2017,57.48821429,2355.54,#N/A,20656.1,35.41
4/6/2017,57.16607143,2357.49,101.18,20662.95,35.42
4/5/2017,56.99964286,2352.95,100.67,20648.15,35.49
4/4/2017,56.775,2360.16,100.56,20689.24,35.55
4/3/2017,56.11,2358.84,100.54,20650.21,35.47
3/31/2017,55.99928571,2362.72,#N/A,20663.22,35.19
3/30/2017,56.19892857,2368.06,100.35,20728.49,35.46
3/29/2017,55.61428571,2361.13,100.41,20659.32,35.66
3/28/2017,55.22857143,2358.57,100,20701.5,35.61
3/27/2017,54.66107143,2341.59,99.71,20550.98,35.52
3/24/2017,54.6325,2343.98,#N/A,20596.72,35.63
3/23/2017,54.6675,2345.96,99.63,20656.58,35.53
3/22/2017,54.44928571,2348.45,99.76,20661.3,35.51
3/21/2017,54.955,2344.02,99.68,20668.01,35.34
3/20/2017,55.46928571,2373.47,99.81,20905.86,35.78
3/17/2017,55.36642857,2378.25,#N/A,20914.62,35.43
3/16/2017,55.23607143,2381.38,100.3,20934.55,35.47
3/15/2017,55.26178571,2385.26,100.27,20950.1,35.23
3/14/2017,54.37285714,2365.45,100.74,20837.37,34.42
3/13/2017,55.07178571,2373.47,101.7,20881.48,34.62
3/10/2017,55.33785714,2372.6,101.25,20902.98,34.18
3/9/2017,55.405,2364.87,101.85,20858.19,33.9
3/8/2017,57.60178571,2362.98,102.07,20855.73,34.19
3/7/2017,58.32714286,2368.39,101.81,20924.76,34.54
3/6/2017,58.11142857,2375.31,101.64,20954.34,34.49
3/3/2017,57.77178571,2383.12,101.54,21005.71,34.44
3/2/2017,57.71035714,2381.92,102.2,21002.97,34.15
3/1/2017,58.58892857,2395.96,101.78,21115.55,34.77
2/28/2017,57.96642857,2363.64,101.12,20812.24,34.22
2/27/2017,58.55928571,2369.75,101.13,20837.44,34.52
2/24/2017,58.62142857,2367.34,101.09,20821.76,34.66
2/23/2017,59.18821429,2363.81,101.05,20810.32,35.03
2/22/2017,58.41178571,2362.82,101.33,20775.6,35.02
2/21/2017,59.27464286,2365.38,101.37,20743,34.93
2/20/2017,58.55214286,#N/A,#N/A,#N/A,#N/A
2/17/2017,58.04714286,2351.16,100.95,20624.05,34.64
2/16/2017,58.01964286,2347.22,100.44,20619.77,34.76
2/15/2017,58.19678571,2349.25,101.18,20611.86,34.86
2/14/2017,58.5275,2337.58,101.25,20504.41,34.6
2/13/2017,57.98571429,2328.25,100.96,20412.16,34.55
2/10/2017,58.94571429,2316.1,100.8,20269.37,34.41
2/9/2017,58.03357143,2307.87,100.65,20172.4,34.1
2/8/2017,57.98321429,2294.67,100.28,20054.34,33.93
2/7/2017,57.59321429,2293.08,100.26,20090.29,33.66
2/6/2017,58.33571429,2292.56,99.91,20052.42,33.79
2/3/2017,59.10571429,2297.42,99.87,20071.46,33.87
2/2/2017,59.11785714,2280.85,99.85,19884.91,33.65
2/1/2017,58.74071429,2279.55,99.64,19890.94,33.54
1/31/2017,58.61821429,2278.87,99.51,19864.09,33.47
1/30/2017,57.94535714,2280.9,100.43,19971.13,33.45
1/26/2017,58.70214286,2296.68,100.38,20100.91,33.58
1/24/2017,58.14464286,2280.07,100.35,19912.71,33.43
1/23/2017,58.03892857,2265.2,100.16,19799.85,33.19
1/20/2017,57.99571429,2271.31,100.74,19827.25,32.74
1/19/2017,57.075,2263.69,101.15,19732.4,32.69
1/18/2017,57.715,2271.89,100.93,19804.72,32.78
1/17/2017,58.16,2267.89,100.33,19826.77,32.9
1/16/2017,57.79214286,#N/A,#N/A,#N/A,#N/A
1/13/2017,57.895,2274.64,101.18,19885.73,32.94
1/12/2017,58.16571429,2270.44,101.35,19891,32.97
1/11/2017,57.41857143,2275.32,101.78,19954.28,32.89
1/10/2017,56.91571429,2268.9,102.01,19855.53,32.61
1/9/2017,57.7375,2268.9,101.93,19887.38,32.43
1/6/2017,58.76214286,2276.98,102.22,19963.8,32.49
1/5/2017,58.06821429,2269,101.52,19899.29,32.62
1/4/2017,57.80714286,2270.75,102.7,19942.16,32.28
1/3/2017,58.10964286,2257.83,103.21,19881.76,31.99
12/30/2016,58.20892857,2238.83,102.39,19762.6,31.65
12/29/2016,58.40321429,2249.26,102.68,19819.78,31.81
12/28/2016,58.53071429,2249.92,103.26,19833.68,31.33
12/27/2016,58.53071429,2268.88,103.02,19945.04,31.13
12/23/2016,57.3125,2263.79,103.01,19933.81,30.98
12/22/2016,57.62071429,2260.96,103.09,19918.88,30.83
12/21/2016,57.59142857,2265.18,103.02,19941.96,31.12
12/20/2016,58.2075,2270.76,103.29,19974.62,31.22
12/19/2016,57.525,2262.53,103.14,19883.06,31.17
12/16/2016,57.44535714,2258.07,102.95,19843.41,31.38
12/15/2016,56.27571429,2262.03,103.13,19852.24,31.57
12/14/2016,57.33821429,2253.28,102,19792.53,31.43
12/13/2016,57.65821429,2271.72,101.03,19911.21,32.37
12/12/2016,57.77428571,2256.96,100.96,19796.43,32.04
12/9/2016,56.42107143,2259.53,101.57,19756.85,32.3
12/8/2016,56.06178571,2246.19,101.07,19614.81,32.45
12/7/2016,56.03714286,2241.35,100.23,19549.62,32.3
12/6/2016,56.36428571,2212.23,100.49,19251.78,31.83
12/5/2016,57.11107143,2204.71,100.14,19216.24,31.7
12/2/2016,56.50678571,2191.95,100.77,19170.42,31.48
12/1/2016,56.50107143,2191.08,101.04,19191.93,31.52
11/30/2016,54.00785714,2198.81,101.5,19123.58,31.88
11/29/2016,51.65428571,2204.66,100.93,19121.6,31.83
11/28/2016,52.92607143,2201.72,101.33,19097.9,31.81
11/25/2016,52.1825,2213.35,101.49,19152.14,31.65
11/24/2016,53.12178571,#N/A,#N/A,#N/A,#N/A
11/23/2016,53.01321429,2204.72,101.7,19083.18,31.48
11/22/2016,52.76,2202.94,101.04,19023.87,31.79
11/21/2016,52.79321429,2198.18,101.05,18956.69,31.45
11/18/2016,50.92392857,2181.9,101.21,18867.93,31.14
11/17/2016,51.08464286,2187.12,100.89,18903.82,31.21
11/16/2016,51.39964286,2176.94,100.41,18868.14,31.2
11/15/2016,50.90571429,2180.39,100.19,18923.06,31.46
11/14/2016,49.06892857,2164.2,100.11,18868.69,30.88
11/11/2016,49.46178571,2164.45,#N/A,18847.66,31.03
11/10/2016,50.45107143,2167.48,98.79,18807.88,31.61
11/9/2016,50.39285714,2163.26,98.5,18589.69,32.55
11/8/2016,50.41571429,2139.56,97.86,18332.74,33.43
11/7/2016,49.93964286,2131.52,97.78,18259.6,33.27
11/4/2016,49.945,2085.18,#N/A,17888.28,32.18
11/3/2016,50.545,2088.66,97.07,17930.67,32.52
11/2/2016,50.70928571,2097.94,97.16,17959.64,32.6
11/1/2016,51.90571429,2111.72,97.4,18037.1,32.98
10/31/2016,52.37357143,2126.15,97.7,18142.42,33.23
10/28/2016,54.02714286,2126.41,#N/A,18161.19,32.96
10/27/2016,54.23678571,2133.04,98.35,18169.68,33.15
10/26/2016,54.03428571,2139.43,98.89,18199.33,33.4
10/25/2016,54.1675,2143.16,98.63,18169.27,33.65
10/24/2016,54.49107143,2151.33,98.72,18223.03,33.68
10/21/2016,54.89892857,2141.16,#N/A,18145.71,33.51
10/20/2016,54.785,2141.34,98.7,18162.35,33.5
10/19/2016,55.8225,2144.29,98.32,18202.62,33.54
10/18/2016,54.71642857,2139.6,97.87,18161.94,33.37
10/17/2016,54.65357143,2126.5,97.9,18086.4,32.79
10/14/2016,54.68821429,2132.98,#N/A,18138.38,32.85
10/13/2016,54.68357143,2132.55,98.02,18098.94,32.76
10/12/2016,54.6925,2139.18,97.52,18144.2,32.96
10/11/2016,55.17642857,2136.73,97.97,18128.66,33
10/10/2016,55.80607143,2163.66,97.7,18329.04,33.62
10/7/2016,55.0475,2153.74,#N/A,18240.49,33.39
10/6/2016,55.04,2160.77,96.52,18268.5,33.51
10/5/2016,54.70464286,2159.73,96.66,18281.03,33.51
10/4/2016,54.18357143,2150.49,96.13,18168.45,33.01
10/3/2016,53.5525,2161.2,96.12,18253.85,33.34
9/30/2016,53.37964286,2168.27,#N/A,18308.15,33.12
9/29/2016,53.46714286,2151.13,95.46,18143.45,32.88
9/28/2016,51.25607143,2171.37,95.54,18339.24,33.44
9/27/2016,50.96392857,2159.93,95.43,18228.3,33.11
9/26/2016,52.13678571,2146.1,95.44,18094.83,32.77
9/23/2016,52.29178571,2164.69,#N/A,18261.45,33.17
9/22/2016,52.56142857,2177.18,95.48,18392.46,33.62
9/21/2016,51.92785714,2163.12,95.45,18293.7,33.47
9/20/2016,51.34785714,2139.76,95.66,18129.96,32.67
9/19/2016,52.00035714,2139.12,96.02,18120.17,32.66
9/16/2016,51.46821429,2139.16,#N/A,18123.8,32.39
9/15/2016,51.89,2147.26,96.11,18212.48,32.61
9/14/2016,51.59392857,2125.77,95.29,18034.77,32.1
9/13/2016,52.07214286,2127.02,95.33,18066.75,31.99
9/12/2016,53.09785714,2159.04,95.63,18325.07,32.81
9/9/2016,53.35285714,2127.81,#N/A,18085.45,32.54
9/8/2016,54.09214286,2181.3,95.34,18479.91,33.6
9/7/2016,52.40785714,2186.16,95.03,18526.14,33.67
9/6/2016,52.05714286,2186.48,94.96,18538.12,33.71
9/5/2016,52.46785714,#N/A,94.82,#N/A,#N/A
9/2/2016,51.90321429,2179.98,#N/A,18491.96,33.14
9/1/2016,51.30107143,2170.86,95.88,18419.3,32.64
8/31/2016,52.29214286,2170.95,95.65,18400.88,32.47
8/30/2016,53.26642857,2176.12,96.02,18454.3,32.78
8/26/2016,54.51,2169.04,#N/A,18395.4,32.59
8/25/2016,54.21357143,2172.47,95.57,18448.41,32.85
8/24/2016,53.55178571,2175.44,94.77,18481.48,32.86
8/23/2016,54.39035714,2186.9,94.79,18547.3,32.76
8/22/2016,53.85785714,2182.64,94.54,18529.42,32.93
8/19/2016,54.6175,2183.87,#N/A,18552.57,33.34
8/18/2016,54.71178571,2187.02,94.51,18597.7,33.54
8/17/2016,53.84357143,2182.22,94.16,18573.94,33.27
8/16/2016,53.53428571,2178.15,94.72,18552.02,33.4
8/15/2016,52.75821429,2190.15,94.79,18636.05,33.57
8/12/2016,51.61035714,2184.05,#N/A,18576.47,33.21
8/11/2016,50.78892857,2185.79,95.72,18613.52,33.34
8/10/2016,49.58357143,2175.49,95.86,18495.66,32.95
8/9/2016,50.31428571,2181.74,95.65,18533.05,33.03
8/8/2016,50.33178571,2180.89,96.18,18529.29,32.81
8/5/2016,49.20857143,2182.87,#N/A,18543.53,32.61
8/4/2016,48.94285714,2164.25,96.19,18352.05,32.25
8/3/2016,48.24035714,2163.79,95.76,18355,32.09
8/2/2016,47.90571429,2157.03,95.56,18313.77,31.92
8/1/2016,47.87642857,2170.84,95.06,18404.51,32.09
7/29/2016,48.74857143,2173.6,#N/A,18432.24,32.21
7/28/2016,48.94857143,2170.06,95.53,18456.35,32.04
7/27/2016,49.71,2166.58,96.74,18472.17,32.06
7/26/2016,50.17071429,2169.18,97.05,18473.75,32.01
7/25/2016,50.26571429,2168.48,97.16,18493.06,31.82
7/22/2016,50.5575,2175.03,#N/A,18570.85,32.08
7/21/2016,51.57928571,2165.17,97.47,18517.23,31.87
7/20/2016,51.8775,2173.02,97,18595.03,31.96
7/19/2016,51.72357143,2163.78,97.2,18559.01,31.8
7/18/2016,51.66714286,2166.89,97.05,18533.05,32.07
7/15/2016,52.26357143,2161.74,#N/A,18516.55,31.8
7/14/2016,51.97464286,2163.75,96.58,18506.41,31.91
7/13/2016,51.06892857,2152.43,96.08,18372.12,31.47
7/12/2016,52.04857143,2152.14,96.22,18347.67,31.53
7/11/2016,51.1225,2137.16,96.44,18226.93,31.05
7/8/2016,51.06178571,2129.9,#N/A,18146.74,30.8
7/7/2016,51.89714286,2097.9,96.3,17895.88,30.13
7/6/2016,51.62321429,2099.73,96.33,17918.62,30.26
7/5/2016,51.88357143,2088.55,96.06,17840.62,30.26
7/4/2016,53.485,#N/A,96.17,#N/A,#N/A
7/1/2016,53.39,2102.95,#N/A,17949.37,30.87
6/30/2016,53.68071429,2098.86,95.65,17929.99,30.64
6/29/2016,54.00892857,2070.77,96.14,17694.68,30.34
6/28/2016,52.33535714,2036.09,95.77,17409.72,29.64
6/27/2016,51.83535714,2000.54,96.25,17140.24,28.81
6/24/2016,52.99214286,2037.41,#N/A,17400.75,29.12
6/23/2016,54.13071429,2113.32,95.45,18011.07,30.87
6/22/2016,53.87928571,2085.45,93.53,17780.83,30.12
6/21/2016,53.77392857,2088.9,93.72,17829.73,30.07
6/20/2016,54.10714286,2083.25,94.02,17804.87,29.85
6/17/2016,52.60785714,2071.22,#N/A,17675.16,29.42
6/16/2016,52.04857143,2077.99,94.21,17733.1,29.29
6/15/2016,53.26071429,2071.5,94.57,17640.17,29.36
6/14/2016,53.44071429,2075.32,94.61,17674.82,29.09
6/13/2016,54.18928571,2079.06,94.93,17732.48,29.18
6/10/2016,54.4425,2096.07,#N/A,17865.34,29.55
6/9/2016,55.16357143,2115.48,94.6,17985.19,30.32
6/8/2016,55.22571429,2119.12,94.1,18005.05,30.66
6/7/2016,54.53785714,2112.13,93.59,17938.28,30.41
6/6/2016,54.0025,2109.41,93.83,17920.33,30.12
6/3/2016,53.40071429,2099.13,#N/A,17807.06,29.87
6/2/2016,53.57928571,2105.26,94.03,17838.56,29.41
6/1/2016,53.45678571,2099.33,95.56,17789.67,29.18
5/31/2016,54.33607143,2096.95,95.46,17787.2,29.2
5/27/2016,53.94178571,2099.06,#N/A,17873.22,29.12
5/26/2016,54.25142857,2090.1,95.52,17828.29,29.13
5/25/2016,53.7225,2090.54,95.17,17851.51,28.94
5/24/2016,53.515,2076.06,95.35,17706.05,28.61
5/23/2016,53.10678571,2048.04,95.57,17492.93,28.28
5/20/2016,53.55928571,2052.32,#N/A,17500.94,28.34
5/19/2016,52.80035714,2040.04,95.31,17435.4,28.03
5/18/2016,54.07178571,2047.63,95.29,17526.62,28.37
5/17/2016,53.80428571,2047.21,95.08,17529.98,28.6
5/16/2016,53.54964286,2066.66,94.55,17710.71,28.72
5/13/2016,52.71892857,2046.61,#N/A,17535.32,28.39
5/12/2016,52.15464286,2064.11,94.61,17720.5,28.91
5/11/2016,52.02285714,2064.46,94.14,17711.12,28.96
5/10/2016,50.59357143,2084.39,93.82,17928.35,29.05
5/9/2016,49.47535714,2058.69,94.29,17705.91,28.48
5/6/2016,51.07714286,2057.14,#N/A,17740.63,28.92
5/5/2016,50.92928571,2050.63,93.89,17660.71,28.85
5/4/2016,50.2275,2051.12,93.78,17651.26,28.85
5/3/2016,50.31714286,2063.37,93.18,17750.91,29.26
4/29/2016,51.87464286,2065.3,#N/A,17773.64,30.18
4/28/2016,51.96964286,2075.81,93.08,17830.76,30.24
4/27/2016,50.88928571,2095.15,93.76,18041.55,30.55
4/26/2016,50.545,2091.7,94.39,17990.32,30.37
4/25/2016,50.24142857,2087.79,94.57,17977.24,30.01
4/22/2016,50.58285714,2091.58,#N/A,18003.75,30.26
4/21/2016,50.17535714,2091.48,95.12,17982.52,30.37
4/20/2016,49.82714286,2102.4,94.6,18096.27,30.71
4/19/2016,49.51107143,2100.8,94.49,18053.6,30.9
4/18/2016,48.78071429,2094.34,93.98,18004.16,30.44
4/15/2016,48.78035714,2080.73,#N/A,17897.46,30.33
4/14/2016,49.7025,2082.78,94.7,17926.43,30.52
4/13/2016,49.71321429,2082.42,94.9,17908.28,30.67
4/12/2016,49.83928571,2061.72,94.74,17721.25,30.11
4/11/2016,48.67178571,2041.99,93.96,17556.41,29.65
4/8/2016,48.14964286,2047.6,#N/A,17576.96,29.26
4/7/2016,45.76392857,2041.91,94.24,17541.96,28.76
4/6/2016,46.07071429,2066.66,94.48,17716.05,29.37
4/5/2016,44.97892857,2045.17,94.43,17603.32,29
4/4/2016,45.07285714,2066.13,94.63,17737,29.56
4/1/2016,45.31571429,2072.78,#N/A,17792.75,29.96
3/31/2016,46.62571429,2059.74,94.62,17685.09,29.88
3/30/2016,46.53321429,2063.95,94.59,17716.66,29.91
3/29/2016,45.76178571,2055.01,94.84,17633.11,29.57
3/24/2016,46.40285714,2035.94,#N/A,17515.73,29.21
3/23/2016,46.96214286,2036.71,96.14,17502.59,29.25
3/22/2016,47.53642857,2049.8,96.05,17582.57,29.71
3/21/2016,47.53321429,2051.6,95.65,17623.87,29.84
3/18/2016,47.47107143,2049.58,#N/A,17602.3,29.72
3/17/2016,47.38857143,2040.59,94.99,17481.49,29.52
3/16/2016,46.44392857,2027.22,94.76,17325.76,28.93
3/15/2016,45.64464286,2015.93,95.89,17251.53,28.34
3/14/2016,45.95892857,2019.64,96.63,17229.13,28.82
3/11/2016,46.755,2022.19,96.17,17213.31,28.99
3/10/2016,46.42642857,1989.57,96.07,16995.13,28.37
3/9/2016,47.2525,1989.26,97.17,17000.36,28.44
3/8/2016,46.75392857,1979.26,97.21,16964.1,28.26
3/7/2016,46.67964286,2001.76,97.07,17073.95,28.76
3/4/2016,45.58321429,1999.99,97.34,17006.77,28.82
3/3/2016,44.72535714,1993.4,97.57,16943.9,28.19
3/2/2016,44.93678571,1986.45,98.21,16899.32,27.89
3/1/2016,44.36857143,1978.35,98.35,16865.08,27.47
2/29/2016,44.51928571,1932.23,98.21,16516.5,26.5
2/26/2016,44.66214286,1948.05,98.15,16639.97,26.34
2/25/2016,42.88678571,1951.7,97.29,16697.29,26.57
2/24/2016,42.39321429,1929.8,97.46,16484.99,26.53
2/23/2016,42.40535714,1921.27,97.48,16431.78,26.53
2/22/2016,43.64642857,1945.5,97.38,16620.66,27.12
2/19/2016,42.26214286,1917.78,96.6,16391.99,26.46
2/18/2016,43.21857143,1917.83,96.95,16413.43,26.57
2/17/2016,43.25607143,1926.82,96.79,16453.83,26.7
2/16/2016,41.74892857,1895.58,96.87,16196.41,26.16
2/15/2016,42.61142857,#N/A,-,#N/A,#N/A
2/12/2016,42.02071429,1864.78,95.98,15973.84,25.56
2/11/2016,40.16964286,1829.08,95.56,15660.18,25.14
2/10/2016,40.70678571,1851.86,95.89,15914.74,25.51
2/9/2016,41.36607143,1852.21,96.07,16014.38,25.43
2/8/2016,42.40357143,1853.44,96.57,16027.05,25.76
2/5/2016,42.825,1880.05,97.03,16204.97,26.12
2/4/2016,43.06285714,1915.45,96.47,16416.58,26.4
2/3/2016,42.75785714,1912.53,97.29,16336.66,26.22
2/2/2016,42.00035714,1903.03,98.87,16153.54,25.54
2/1/2016,42.935,1939.38,99,16449.18,26.32
1/29/2016,43.11678571,1940.24,99.61,16466.3,26.59
1/28/2016,43.10464286,1893.36,98.51,16069.64,25.68
1/27/2016,42.01357143,1882.95,98.9,15944.46,25.28
1/26/2016,41.6825,1903.63,99.36,16167.23,25.44
1/25/2016,41.02607143,1877.08,99.36,15885.22,25.08
1/22/2016,41.20642857,1906.9,99.57,16093.51,25.5
1/21/2016,39.5425,1868.99,99.06,15882.68,24.67
1/20/2016,38.59857143,1859.33,99.09,15766.74,24.62
1/19/2016,39.90785714,1881.33,98.99,16016.02,25.15
1/18/2016,39.36,#N/A,99.12,#N/A,#N/A
1/15/2016,39.88428571,1880.33,98.96,15988.08,24.81
1/14/2016,40.37178571,1921.84,99.09,16379.05,25.89
1/13/2016,40.34964286,1890.28,98.93,16151.41,25.56
1/12/2016,40.56714286,1938.68,98.97,16516.22,25.86
1/11/2016,41.05214286,1923.67,98.73,16398.57,25.76
1/8/2016,41.93035714,1922.03,98.54,16346.45,25.87
1/7/2016,43.23071429,1943.09,98.22,16514.1,26.11
1/6/2016,43.30178571,1990.26,99.18,16906.51,26.98
1/5/2016,44.40428571,2016.71,99.4,17158.66,27.47
1/4/2016,44.82678571,2012.66,98.87,17148.94,27.41
12/31/2015,44.41642857,2043.94,98.63,17425.03,28.21
12/30/2015,44.66142857,2063.36,98.27,17603.87,28.2
12/29/2015,45.26571429,2078.36,98.1,17720.98,28.6
12/24/2015,45.17928571,2060.99,97.98,17552.17,28.76
12/23/2015,44.85821429,2064.29,98.34,17602.61,28.85
12/22/2015,44.49107143,2038.97,98.24,17417.27,28.43
12/21/2015,44.42107143,2021.15,98.46,17251.62,28.21
12/18/2015,45.395,2005.55,98.7,17128.55,28.01
12/17/2015,45.08285714,2041.89,99.27,17495.84,28.16
12/16/2015,45.24357143,2073.07,97.87,17749.09,28.41
12/15/2015,45.94892857,2043.41,98.22,17524.91,27.94
12/14/2015,45.27214286,2021.94,97.6,17368.5,27.53
12/11/2015,45.59035714,2012.37,97.57,17265.21,27.09
12/10/2015,46.545,2052.23,97.94,17574.75,27.88
12/9/2015,46.85535714,2047.62,97.35,17492.3,28.16
12/8/2015,47.21571429,2063.59,98.47,17568,28.37
12/7/2015,47.32285714,2077.07,98.66,17730.51,28.71
12/4/2015,48.61142857,2091.69,98.35,17847.63,29.12
12/3/2015,48.66178571,2049.62,97.62,17477.67,29.01
12/2/2015,48.61178571,2079.51,99.99,17729.68,29.1
12/1/2015,49.45535714,2102.63,99.8,17888.35,29.39
11/30/2015,49.95357143,2080.41,100.17,17719.92,29.22
11/27/2015,49.88464286,2090.11,100.02,17813.39,29.17
11/26/2015,49.93928571,#N/A,#N/A,#N/A,#N/A
11/25/2015,49.92857143,2088.87,99.8,17813.39,29.83
11/24/2015,50.35357143,2089.14,99.53,17812.19,30.06
11/23/2015,49.975,2086.59,99.8,17792.68,29.98
11/20/2015,49.19428571,2089.17,99.57,17823.81,30.23
11/19/2015,48.94357143,2081.24,98.99,17732.75,29.97
11/18/2015,48.62714286,2083.58,99.65,17737.16,29.75
11/17/2015,48.54678571,2050.44,99.63,17489.5,29.52
11/16/2015,47.87964286,2053.19,99.44,17483.01,29.55
11/13/2015,48.94107143,2023.04,98.99,17245.24,28.92
11/12/2015,49.47678571,2045.97,98.65,17448.07,29.31
11/11/2015,50.48714286,2075,99.01,17702.22,29.62
11/10/2015,51.33178571,2081.72,99.29,17758.21,29.59
11/9/2015,51.09821429,2078.58,98.98,17730.48,29.66
11/6/2015,51.39392857,2099.2,99.16,17910.33,30.37
11/5/2015,52.01321429,2099.93,97.94,17863.43,30.72
11/4/2015,52.22642857,2102.31,97.95,17867.58,30.68
11/3/2015,52.79678571,2109.79,97.16,17918.15,30.85
11/2/2015,52.20357143,2104.05,96.93,17828.76,30.47
10/30/2015,52.61821429,2079.36,#N/A,17663.54,29.9
10/29/2015,52.76214286,2089.41,96.95,17755.8,29.95
10/28/2015,52.58107143,2090.35,97.28,17779.52,30.28
10/27/2015,51.13607143,2065.89,97.78,17581.43,30.62
10/26/2015,51.7725,2071.18,96.91,17623.05,30.9
